Workbook

Sheet T0_1
A1: Серия экспериментов\статистика | B1: x_ср [м.е.] | C1: Σ((Δxi)^2) [м.е.^2] | D1: σ [м.е.] | E1: x_ср+3*σ [м.е.] | F1: x_ср-3*σ [м.е.] | G1: kв [%] | H1: σ0 [м.е.] | I1: Δx [м.е.] | J1: δx [%] | K1: N_мин | L1: x_ист [м.е.]
A3: 1 | B3: 3418 | C3: 3480 | D3: =POWER(C3/($O$5-1),0.5) -> 10.954451 | E3: =B3+3*D3 -> 3450.8634 | F3: =B3-3*D3 -> 3385.1366 | G3: =D3/B3*100 -> 0.32049301 | H3: =D3/POWER($O$5, 0.5) -> 2 | I3: =H3*$P$5 -> 4 | J3: =I3/B3*100 -> 0.1170275 | K3: =ROUNDUP(POWER(G3*$P$5/$Q$5,2),0) -> 1 | L3: =B3 & " ± " & (ROUNDUP(I3, 3)) -> 3418 ± 4
A4: =A3+1 -> 2 | D4: =POWER(C4/($O$5-1),0.5) -> 0 | E4: =B4+3*D4 -> 0 | F4: =B4-3*D4 -> 0 | G4: =D4/B4*100 -> #DIV/0! | H4: =D4/POWER($O$5, 0.5) -> 0 | I4: =H4*$P$5 -> 0 | J4: =I4/B4*100 -> #DIV/0! | K4: =ROUNDUP(POWER(G4*$P$5/$Q$5,2),0) -> #DIV/0! | L4: =B4 & " ± " & (ROUNDUP(I4, 3)) -> ± 0 | N4: p | O4: N | P4: t_pN | Q4: Δ [%]
A5: =A4+1 -> 3 | D5: =POWER(C5/($O$5-1),0.5) -> 0 | E5: =B5+3*D5 -> 0 | F5: =B5-3*D5 -> 0 | G5: =D5/B5*100 -> #DIV/0! | H5: =D5/POWER($O$5, 0.5) -> 0 | I5: =H5*$P$5 -> 0 | J5: =I5/B5*100 -> #DIV/0! | K5: =ROUNDUP(POWER(G5*$P$5/$Q$5,2),0) -> #DIV/0! | L5: =B5 & " ± " & (ROUNDUP(I5, 3)) -> ± 0 | N5: 0.95 | O5: 30 | P5: 2 | Q5: 5
A6: =A5+1 -> 4 | D6: =POWER(C6/($O$5-1),0.5) -> 0 | E6: =B6+3*D6 -> 0 | F6: =B6-3*D6 -> 0 | G6: =D6/B6*100 -> #DIV/0! | H6: =D6/POWER($O$5, 0.5) -> 0 | I6: =H6*$P$5 -> 0 | J6: =I6/B6*100 -> #DIV/0! | K6: =ROUNDUP(POWER(G6*$P$5/$Q$5,2),0) -> #DIV/0! | L6: =B6 & " ± " & (ROUNDUP(I6, 3)) -> ± 0 | O6: 10 | P6: 2.77
A7: =A6+1 -> 5 | D7: =POWER(C7/($O$5-1),0.5) -> 0 | E7: =B7+3*D7 -> 0 | F7: =B7-3*D7 -> 0 | G7: =D7/B7*100 -> #DIV/0! | H7: =D7/POWER($O$5, 0.5) -> 0 | I7: =H7*$P$5 -> 0 | J7: =I7/B7*100 -> #DIV/0! | K7: =ROUNDUP(POWER(G7*$P$5/$Q$5,2),0) -> #DIV/0! | L7: =B7 & " ± " & (ROUNDUP(I7, 3)) -> ± 0 | O7: 30 | P7: 2
A8: =A7+1 -> 6 | B8: 3410 | C8: 29400 | D8: =POWER(C8/($O$5-1),0.5) -> 31.840118 | E8: =B8+3*D8 -> 3505.5204 | F8: =B8-3*D8 -> 3314.4796 | G8: =D8/B8*100 -> 0.9337278 | H8: =D8/POWER($O$5, 0.5) -> 5.8131836 | I8: =H8*$P$5 -> 11.626367 | J8: =I8/B8*100 -> 0.34094918 | K8: =ROUNDUP(POWER(G8*$P$5/$Q$5,2),0) -> 1 | L8: =B8 & " ± " & (ROUNDUP(I8, 3)) -> 3410 ± 11,627
A9: =A8+1 -> 7 | D9: =POWER(C9/($O$5-1),0.5) -> 0 | E9: =B9+3*D9 -> 0 | F9: =B9-3*D9 -> 0 | G9: =D9/B9*100 -> #DIV/0! | H9: =D9/POWER($O$5, 0.5) -> 0 | I9: =H9*$P$5 -> 0 | J9: =I9/B9*100 -> #DIV/0! | K9: =ROUNDUP(POWER(G9*$P$5/$Q$5,2),0) -> #DIV/0! | L9: =B9 & " ± " & (ROUNDUP(I9, 3)) -> ± 0
A10: =A9+1 -> 8 | D10: =POWER(C10/($O$5-1),0.5) -> 0 | E10: =B10+3*D10 -> 0 | F10: =B10-3*D10 -> 0 | G10: =D10/B10*100 -> #DIV/0! | H10: =D10/POWER($O$5, 0.5) -> 0 | I10: =H10*$P$5 -> 0 | J10: =I10/B10*100 -> #DIV/0! | K10: =ROUNDUP(POWER(G10*$P$5/$Q$5,2),0) -> #DIV/0! | L10: =B10 & " ± " & (ROUNDUP(I10, 3)) -> ± 0
A11: =A10+1 -> 9 | D11: =POWER(C11/($O$5-1),0.5) -> 0 | E11: =B11+3*D11 -> 0 | F11: =B11-3*D11 -> 0 | G11: =D11/B11*100 -> #DIV/0! | H11: =D11/POWER($O$5, 0.5) -> 0 | I11: =H11*$P$5 -> 0 | J11: =I11/B11*100 -> #DIV/0! | K11: =ROUNDUP(POWER(G11*$P$5/$Q$5,2),0) -> #DIV/0! | L11: =B11 & " ± " & (ROUNDUP(I11, 3)) -> ± 0
A12: =A11+1 -> 10 | D12: =POWER(C12/($O$5-1),0.5) -> 0 | E12: =B12+3*D12 -> 0 | F12: =B12-3*D12 -> 0 | G12: =D12/B12*100 -> #DIV/0! | H12: =D12/POWER($O$5, 0.5) -> 0 | I12: =H12*$P$5 -> 0 | J12: =I12/B12*100 -> #DIV/0! | K12: =ROUNDUP(POWER(G12*$P$5/$Q$5,2),0) -> #DIV/0! | L12: =B12 & " ± " & (ROUNDUP(I12, 3)) -> ± 0
A13: =A12+1 -> 11 | B13: 3416 | C13: 13920 | D13: =POWER(C13/($O$5-1),0.5) -> 21.908902 | E13: =B13+3*D13 -> 3481.7267 | F13: =B13-3*D13 -> 3350.2733 | G13: =D13/B13*100 -> 0.64136131 | H13: =D13/POWER($O$5, 0.5) -> 4 | I13: =H13*$P$5 -> 8 | J13: =I13/B13*100 -> 0.23419204 | K13: =ROUNDUP(POWER(G13*$P$5/$Q$5,2),0) -> 1 | L13: =B13 & " ± " & (ROUNDUP(I13, 3)) -> 3416 ± 8
A14: =A13+1 -> 12 | D14: =POWER(C14/($O$5-1),0.5) -> 0 | E14: =B14+3*D14 -> 0 | F14: =B14-3*D14 -> 0 | G14: =D14/B14*100 -> #DIV/0! | H14: =D14/POWER($O$5, 0.5) -> 0 | I14: =H14*$P$5 -> 0 | J14: =I14/B14*100 -> #DIV/0! | K14: =ROUNDUP(POWER(G14*$P$5/$Q$5,2),0) -> #DIV/0! | L14: =B14 & " ± " & (ROUNDUP(I14, 3)) -> ± 0
A15: =A14+1 -> 13 | D15: =POWER(C15/($O$5-1),0.5) -> 0 | E15: =B15+3*D15 -> 0 | F15: =B15-3*D15 -> 0 | G15: =D15/B15*100 -> #DIV/0! | H15: =D15/POWER($O$5, 0.5) -> 0 | I15: =H15*$P$5 -> 0 | J15: =I15/B15*100 -> #DIV/0! | K15: =ROUNDUP(POWER(G15*$P$5/$Q$5,2),0) -> #DIV/0! | L15: =B15 & " ± " & (ROUNDUP(I15, 3)) -> ± 0
A16: =A15+1 -> 14 | D16: =POWER(C16/($O$5-1),0.5) -> 0 | E16: =B16+3*D16 -> 0 | F16: =B16-3*D16 -> 0 | G16: =D16/B16*100 -> #DIV/0! | H16: =D16/POWER($O$5, 0.5) -> 0 | I16: =H16*$P$5 -> 0 | J16: =I16/B16*100 -> #DIV/0! | K16: =ROUNDUP(POWER(G16*$P$5/$Q$5,2),0) -> #DIV/0! | L16: =B16 & " ± " & (ROUNDUP(I16, 3)) -> ± 0
A17: =A16+1 -> 15 | D17: =POWER(C17/($O$5-1),0.5) -> 0 | E17: =B17+3*D17 -> 0 | F17: =B17-3*D17 -> 0 | G17: =D17/B17*100 -> #DIV/0! | H17: =D17/POWER($O$5, 0.5) -> 0 | I17: =H17*$P$5 -> 0 | J17: =I17/B17*100 -> #DIV/0! | K17: =ROUNDUP(POWER(G17*$P$5/$Q$5,2),0) -> #DIV/0! | L17: =B17 & " ± " & (ROUNDUP(I17, 3)) -> ± 0
A18: =A17+1 -> 16 | B18: 3312 | C18: 146880 | D18: =POWER(C18/($O$5-1),0.5) -> 71.167602 | E18: =B18+3*D18 -> 3525.5028 | F18: =B18-3*D18 -> 3098.4972 | G18: =D18/B18*100 -> 2.1487803 | H18: =D18/POWER($O$5, 0.5) -> 12.993367 | I18: =H18*$P$5 -> 25.986734 | J18: =I18/B18*100 -> 0.78462361 | K18: =ROUNDUP(POWER(G18*$P$5/$Q$5,2),0) -> 1 | L18: =B18 & " ± " & (ROUNDUP(I18, 3)) -> 3312 ± 25,987
A19: =A18+1 -> 17 | D19: =POWER(C19/($O$5-1),0.5) -> 0 | E19: =B19+3*D19 -> 0 | F19: =B19-3*D19 -> 0 | G19: =D19/B19*100 -> #DIV/0! | H19: =D19/POWER($O$5, 0.5) -> 0 | I19: =H19*$P$5 -> 0 | J19: =I19/B19*100 -> #DIV/0! | K19: =ROUNDUP(POWER(G19*$P$5/$Q$5,2),0) -> #DIV/0! | L19: =B19 & " ± " & (ROUNDUP(I19, 3)) -> ± 0
A20: =A19+1 -> 18 | D20: =POWER(C20/($O$5-1),0.5) -> 0 | E20: =B20+3*D20 -> 0 | F20: =B20-3*D20 -> 0 | G20: =D20/B20*100 -> #DIV/0! | H20: =D20/POWER($O$5, 0.5) -> 0 | I20: =H20*$P$5 -> 0 | J20: =I20/B20*100 -> #DIV/0! | K20: =ROUNDUP(POWER(G20*$P$5/$Q$5,2),0) -> #DIV/0! | L20: =B20 & " ± " & (ROUNDUP(I20, 3)) -> ± 0
A21: =A20+1 -> 19 | D21: =POWER(C21/($O$5-1),0.5) -> 0 | E21: =B21+3*D21 -> 0 | F21: =B21-3*D21 -> 0 | G21: =D21/B21*100 -> #DIV/0! | H21: =D21/POWER($O$5, 0.5) -> 0 | I21: =H21*$P$5 -> 0 | J21: =I21/B21*100 -> #DIV/0! | K21: =ROUNDUP(POWER(G21*$P$5/$Q$5,2),0) -> #DIV/0! | L21: =B21 & " ± " & (ROUNDUP(I21, 3)) -> ± 0
A22: =A21+1 -> 20 | D22: =POWER(C22/($O$5-1),0.5) -> 0 | E22: =B22+3*D22 -> 0 | F22: =B22-3*D22 -> 0 | G22: =D22/B22*100 -> #DIV/0! | H22: =D22/POWER($O$5, 0.5) -> 0 | I22: =H22*$P$5 -> 0 | J22: =I22/B22*100 -> #DIV/0! | K22: =ROUNDUP(POWER(G22*$P$5/$Q$5,2),0) -> #DIV/0! | L22: =B22 & " ± " & (ROUNDUP(I22, 3)) -> ± 0
A23: =A22+1 -> 21 | B23: 3386 | C23: 62520 | D23: =POWER(C23/($O$5-1),0.5) -> 46.431262 | E23: =B23+3*D23 -> 3525.2938 | F23: =B23-3*D23 -> 3246.7062 | G23: =D23/B23*100 -> 1.3712718 | H23: =D23/POWER($O$5, 0.5) -> 8.4771498 | I23: =H23*$P$5 -> 16.9543 | J23: =I23/B23*100 -> 0.50071765 | K23: =ROUNDUP(POWER(G23*$P$5/$Q$5,2),0) -> 1 | L23: =B23 & " ± " & (ROUNDUP(I23, 3)) -> 3386 ± 16,955
A24: =A23+1 -> 22 | D24: =POWER(C24/($O$5-1),0.5) -> 0 | E24: =B24+3*D24 -> 0 | F24: =B24-3*D24 -> 0 | G24: =D24/B24*100 -> #DIV/0! | H24: =D24/POWER($O$5, 0.5) -> 0 | I24: =H24*$P$5 -> 0 | J24: =I24/B24*100 -> #DIV/0! | K24: =ROUNDUP(POWER(G24*$P$5/$Q$5,2),0) -> #DIV/0! | L24: =B24 & " ± " & (ROUNDUP(I24, 3)) -> ± 0
A25: =A24+1 -> 23 | D25: =POWER(C25/($O$5-1),0.5) -> 0 | E25: =B25+3*D25 -> 0 | F25: =B25-3*D25 -> 0 | G25: =D25/B25*100 -> #DIV/0! | H25: =D25/POWER($O$5, 0.5) -> 0 | I25: =H25*$P$5 -> 0 | J25: =I25/B25*100 -> #DIV/0! | K25: =ROUNDUP(POWER(G25*$P$5/$Q$5,2),0) -> #DIV/0! | L25: =B25 & " ± " & (ROUNDUP(I25, 3)) -> ± 0
A26: =A25+1 -> 24 | D26: =POWER(C26/($O$5-1),0.5) -> 0 | E26: =B26+3*D26 -> 0 | F26: =B26-3*D26 -> 0 | G26: =D26/B26*100 -> #DIV/0! | H26: =D26/POWER($O$5, 0.5) -> 0 | I26: =H26*$P$5 -> 0 | J26: =I26/B26*100 -> #DIV/0! | K26: =ROUNDUP(POWER(G26*$P$5/$Q$5,2),0) -> #DIV/0! | L26: =B26 & " ± " & (ROUNDUP(I26, 3)) -> ± 0
A27: =A26+1 -> 25 | D27: =POWER(C27/($O$5-1),0.5) -> 0 | E27: =B27+3*D27 -> 0 | F27: =B27-3*D27 -> 0 | G27: =D27/B27*100 -> #DIV/0! | H27: =D27/POWER($O$5, 0.5) -> 0 | I27: =H27*$P$5 -> 0 | J27: =I27/B27*100 -> #DIV/0! | K27: =ROUNDUP(POWER(G27*$P$5/$Q$5,2),0) -> #DIV/0! | L27: =B27 & " ± " & (ROUNDUP(I27, 3)) -> ± 0
A28: =A27+1 -> 26 | B28: 2982 | C28: 1433880 | D28: =POWER(C28/($O$5-1),0.5) -> 222.36038 | E28: =B28+3*D28 -> 3649.0811 | F28: =B28-3*D28 -> 2314.9189 | G28: =D28/B28*100 -> 7.4567531 | H28: =D28/POWER($O$5, 0.5) -> 40.597265 | I28: =H28*$P$5 -> 81.19453 | J28: =I28/B28*100 -> 2.7228213 | K28: =ROUNDUP(POWER(G28*$P$5/$Q$5,2),0) -> 9 | L28: =B28 & " ± " & (ROUNDUP(I28, 3)) -> 2982 ± 81,195
A29: =A28+1 -> 27 | D29: =POWER(C29/($O$5-1),0.5) -> 0 | E29: =B29+3*D29 -> 0 | F29: =B29-3*D29 -> 0 | G29: =D29/B29*100 -> #DIV/0! | H29: =D29/POWER($O$5, 0.5) -> 0 | I29: =H29*$P$5 -> 0 | J29: =I29/B29*100 -> #DIV/0! | K29: =ROUNDUP(POWER(G29*$P$5/$Q$5,2),0) -> #DIV/0! | L29: =B29 & " ± " & (ROUNDUP(I29, 3)) -> ± 0
A30: =A29+1 -> 28 | D30: =POWER(C30/($O$5-1),0.5) -> 0 | E30: =B30+3*D30 -> 0 | F30: =B30-3*D30 -> 0 | G30: =D30/B30*100 -> #DIV/0! | H30: =D30/POWER($O$5, 0.5) -> 0 | I30: =H30*$P$5 -> 0 | J30: =I30/B30*100 -> #DIV/0! | K30: =ROUNDUP(POWER(G30*$P$5/$Q$5,2),0) -> #DIV/0! | L30: =B30 & " ± " & (ROUNDUP(I30, 3)) -> ± 0
A31: =A30+1 -> 29 | D31: =POWER(C31/($O$5-1),0.5) -> 0 | E31: =B31+3*D31 -> 0 | F31: =B31-3*D31 -> 0 | G31: =D31/B31*100 -> #DIV/0! | H31: =D31/POWER($O$5, 0.5) -> 0 | I31: =H31*$P$5 -> 0 | J31: =I31/B31*100 -> #DIV/0! | K31: =ROUNDUP(POWER(G31*$P$5/$Q$5,2),0) -> #DIV/0! | L31: =B31 & " ± " & (ROUNDUP(I31, 3)) -> ± 0
A32: =A31+1 -> 30 | D32: =POWER(C32/($O$5-1),0.5) -> 0 | E32: =B32+3*D32 -> 0 | F32: =B32-3*D32 -> 0 | G32: =D32/B32*100 -> #DIV/0! | H32: =D32/POWER($O$5, 0.5) -> 0 | I32: =H32*$P$5 -> 0 | J32: =I32/B32*100 -> #DIV/0! | K32: =ROUNDUP(POWER(G32*$P$5/$Q$5,2),0) -> #DIV/0! | L32: =B32 & " ± " & (ROUNDUP(I32, 3)) -> ± 0
A33: =A32+1 -> 31 | B33: 3356 | C33: 78720 | D33: =POWER(C33/($O$5-1),0.5) -> 52.100698 | E33: =B33+3*D33 -> 3512.3021 | F33: =B33-3*D33 -> 3199.6979 | G33: =D33/B33*100 -> 1.5524642 | H33: =D33/POWER($O$5, 0.5) -> 9.5122426 | I33: =H33*$P$5 -> 19.024485 | J33: =I33/B33*100 -> 0.56687977 | K33: =ROUNDUP(POWER(G33*$P$5/$Q$5,2),0) -> 1 | L33: =B33 & " ± " & (ROUNDUP(I33, 3)) -> 3356 ± 19,025
A34: =A33+1 -> 32 | D34: =POWER(C34/($O$5-1),0.5) -> 0 | E34: =B34+3*D34 -> 0 | F34: =B34-3*D34 -> 0 | G34: =D34/B34*100 -> #DIV/0! | H34: =D34/POWER($O$5, 0.5) -> 0 | I34: =H34*$P$5 -> 0 | J34: =I34/B34*100 -> #DIV/0! | K34: =ROUNDUP(POWER(G34*$P$5/$Q$5,2),0) -> #DIV/0! | L34: =B34 & " ± " & (ROUNDUP(I34, 3)) -> ± 0
A35: =A34+1 -> 33 | D35: =POWER(C35/($O$5-1),0.5) -> 0 | E35: =B35+3*D35 -> 0 | F35: =B35-3*D35 -> 0 | G35: =D35/B35*100 -> #DIV/0! | H35: =D35/POWER($O$5, 0.5) -> 0 | I35: =H35*$P$5 -> 0 | J35: =I35/B35*100 -> #DIV/0! | K35: =ROUNDUP(POWER(G35*$P$5/$Q$5,2),0) -> #DIV/0! | L35: =B35 & " ± " & (ROUNDUP(I35, 3)) -> ± 0
A36: =A35+1 -> 34 | D36: =POWER(C36/($O$5-1),0.5) -> 0 | E36: =B36+3*D36 -> 0 | F36: =B36-3*D36 -> 0 | G36: =D36/B36*100 -> #DIV/0! | H36: =D36/POWER($O$5, 0.5) -> 0 | I36: =H36*$P$5 -> 0 | J36: =I36/B36*100 -> #DIV/0! | K36: =ROUNDUP(POWER(G36*$P$5/$Q$5,2),0) -> #DIV/0! | L36: =B36 & " ± " & (ROUNDUP(I36, 3)) -> ± 0
A37: =A36+1 -> 35 | D37: =POWER(C37/($O$5-1),0.5) -> 0 | E37: =B37+3*D37 -> 0 | F37: =B37-3*D37 -> 0 | G37: =D37/B37*100 -> #DIV/0! | H37: =D37/POWER($O$5, 0.5) -> 0 | I37: =H37*$P$5 -> 0 | J37: =I37/B37*100 -> #DIV/0! | K37: =ROUNDUP(POWER(G37*$P$5/$Q$5,2),0) -> #DIV/0! | L37: =B37 & " ± " & (ROUNDUP(I37, 3)) -> ± 0
A38: =A37+1 -> 36 | B38: 3346 | C38: 69720 | D38: =POWER(C38/($O$5-1),0.5) -> 49.032009 | E38: =B38+3*D38 -> 3493.096 | F38: =B38-3*D38 -> 3198.904 | G38: =D38/B38*100 -> 1.4653918 | H38: =D38/POWER($O$5, 0.5) -> 8.9519792 | I38: =H38*$P$5 -> 17.903958 | J38: =I38/B38*100 -> 0.53508543 | K38: =ROUNDUP(POWER(G38*$P$5/$Q$5,2),0) -> 1 | L38: =B38 & " ± " & (ROUNDUP(I38, 3)) -> 3346 ± 17,904
A39: =A38+1 -> 37 | D39: =POWER(C39/($O$5-1),0.5) -> 0 | E39: =B39+3*D39 -> 0 | F39: =B39-3*D39 -> 0 | G39: =D39/B39*100 -> #DIV/0! | H39: =D39/POWER($O$5, 0.5) -> 0 | I39: =H39*$P$5 -> 0 | J39: =I39/B39*100 -> #DIV/0! | K39: =ROUNDUP(POWER(G39*$P$5/$Q$5,2),0) -> #DIV/0! | L39: =B39 & " ± " & (ROUNDUP(I39, 3)) -> ± 0
A40: =A39+1 -> 38 | D40: =POWER(C40/($O$5-1),0.5) -> 0 | E40: =B40+3*D40 -> 0 | F40: =B40-3*D40 -> 0 | G40: =D40/B40*100 -> #DIV/0! | H40: =D40/POWER($O$5, 0.5) -> 0 | I40: =H40*$P$5 -> 0 | J40: =I40/B40*100 -> #DIV/0! | K40: =ROUNDUP(POWER(G40*$P$5/$Q$5,2),0) -> #DIV/0! | L40: =B40 & " ± " & (ROUNDUP(I40, 3)) -> ± 0
A41: =A40+1 -> 39 | D41: =POWER(C41/($O$5-1),0.5) -> 0 | E41: =B41+3*D41 -> 0 | F41: =B41-3*D41 -> 0 | G41: =D41/B41*100 -> #DIV/0! | H41: =D41/POWER($O$5, 0.5) -> 0 | I41: =H41*$P$5 -> 0 | J41: =I41/B41*100 -> #DIV/0! | K41: =ROUNDUP(POWER(G41*$P$5/$Q$5,2),0) -> #DIV/0! | L41: =B41 & " ± " & (ROUNDUP(I41, 3)) -> ± 0
A42: =A41+1 -> 40 | D42: =POWER(C42/($O$5-1),0.5) -> 0 | E42: =B42+3*D42 -> 0 | F42: =B42-3*D42 -> 0 | G42: =D42/B42*100 -> #DIV/0! | H42: =D42/POWER($O$5, 0.5) -> 0 | I42: =H42*$P$5 -> 0 | J42: =I42/B42*100 -> #DIV/0! | K42: =ROUNDUP(POWER(G42*$P$5/$Q$5,2),0) -> #DIV/0! | L42: =B42 & " ± " & (ROUNDUP(I42, 3)) -> ± 0
A43: =A42+1 -> 41 | B43: 3390 | C43: 27000 | D43: =POWER(C43/($O$5-1),0.5) -> 30.512858 | E43: =B43+3*D43 -> 3481.5386 | F43: =B43-3*D43 -> 3298.4614 | G43: =D43/B43*100 -> 0.9000843 | H43: =D43/POWER($O$5, 0.5) -> 5.5708601 | I43: =H43*$P$5 -> 11.14172 | J43: =I43/B43*100 -> 0.32866432 | K43: =ROUNDUP(POWER(G43*$P$5/$Q$5,2),0) -> 1 | L43: =B43 & " ± " & (ROUNDUP(I43, 3)) -> 3390 ± 11,142
A44: =A43+1 -> 42 | D44: =POWER(C44/($O$5-1),0.5) -> 0 | E44: =B44+3*D44 -> 0 | F44: =B44-3*D44 -> 0 | G44: =D44/B44*100 -> #DIV/0! | H44: =D44/POWER($O$5, 0.5) -> 0 | I44: =H44*$P$5 -> 0 | J44: =I44/B44*100 -> #DIV/0! | K44: =ROUNDUP(POWER(G44*$P$5/$Q$5,2),0) -> #DIV/0! | L44: =B44 & " ± " & (ROUNDUP(I44, 3)) -> ± 0
A45: =A44+1 -> 43 | D45: =POWER(C45/($O$5-1),0.5) -> 0 | E45: =B45+3*D45 -> 0 | F45: =B45-3*D45 -> 0 | G45: =D45/B45*100 -> #DIV/0! | H45: =D45/POWER($O$5, 0.5) -> 0 | I45: =H45*$P$5 -> 0 | J45: =I45/B45*100 -> #DIV/0! | K45: =ROUNDUP(POWER(G45*$P$5/$Q$5,2),0) -> #DIV/0! | L45: =B45 & " ± " & (ROUNDUP(I45, 3)) -> ± 0
A46: =A45+1 -> 44 | D46: =POWER(C46/($O$5-1),0.5) -> 0 | E46: =B46+3*D46 -> 0 | F46: =B46-3*D46 -> 0 | G46: =D46/B46*100 -> #DIV/0! | H46: =D46/POWER($O$5, 0.5) -> 0 | I46: =H46*$P$5 -> 0 | J46: =I46/B46*100 -> #DIV/0! | K46: =ROUNDUP(POWER(G46*$P$5/$Q$5,2),0) -> #DIV/0! | L46: =B46 & " ± " & (ROUNDUP(I46, 3)) -> ± 0
A47: =A46+1 -> 45 | D47: =POWER(C47/($O$5-1),0.5) -> 0 | E47: =B47+3*D47 -> 0 | F47: =B47-3*D47 -> 0 | G47: =D47/B47*100 -> #DIV/0! | H47: =D47/POWER($O$5, 0.5) -> 0 | I47: =H47*$P$5 -> 0 | J47: =I47/B47*100 -> #DIV/0! | K47: =ROUNDUP(POWER(G47*$P$5/$Q$5,2),0) -> #DIV/0! | L47: =B47 & " ± " & (ROUNDUP(I47, 3)) -> ± 0
A48: =A47+1 -> 46 | B48: 3348 | C48: 74880 | D48: =POWER(C48/($O$5-1),0.5) -> 50.814063 | E48: =B48+3*D48 -> 3500.4422 | F48: =B48-3*D48 -> 3195.5578 | G48: =D48/B48*100 -> 1.5177438 | H48: =D48/POWER($O$5, 0.5) -> 9.2773361 | I48: =H48*$P$5 -> 18.554672 | J48: =I48/B48*100 -> 0.55420168 | K48: =ROUNDUP(POWER(G48*$P$5/$Q$5,2),0) -> 1 | L48: =B48 & " ± " & (ROUNDUP(I48, 3)) -> 3348 ± 18,555
A49: =A48+1 -> 47 | D49: =POWER(C49/($O$5-1),0.5) -> 0 | E49: =B49+3*D49 -> 0 | F49: =B49-3*D49 -> 0 | G49: =D49/B49*100 -> #DIV/0! | H49: =D49/POWER($O$5, 0.5) -> 0 | I49: =H49*$P$5 -> 0 | J49: =I49/B49*100 -> #DIV/0! | K49: =ROUNDUP(POWER(G49*$P$5/$Q$5,2),0) -> #DIV/0! | L49: =B49 & " ± " & (ROUNDUP(I49, 3)) -> ± 0
A50: =A49+1 -> 48 | D50: =POWER(C50/($O$5-1),0.5) -> 0 | E50: =B50+3*D50 -> 0 | F50: =B50-3*D50 -> 0 | G50: =D50/B50*100 -> #DIV/0! | H50: =D50/POWER($O$5, 0.5) -> 0 | I50: =H50*$P$5 -> 0 | J50: =I50/B50*100 -> #DIV/0! | K50: =ROUNDUP(POWER(G50*$P$5/$Q$5,2),0) -> #DIV/0! | L50: =B50 & " ± " & (ROUNDUP(I50, 3)) -> ± 0
A51: =A50+1 -> 49 | D51: =POWER(C51/($O$5-1),0.5) -> 0 | E51: =B51+3*D51 -> 0 | F51: =B51-3*D51 -> 0 | G51: =D51/B51*100 -> #DIV/0! | H51: =D51/POWER($O$5, 0.5) -> 0 | I51: =H51*$P$5 -> 0 | J51: =I51/B51*100 -> #DIV/0! | K51: =ROUNDUP(POWER(G51*$P$5/$Q$5,2),0) -> #DIV/0! | L51: =B51 & " ± " & (ROUNDUP(I51, 3)) -> ± 0
A52: =A51+1 -> 50 | D52: =POWER(C52/($O$5-1),0.5) -> 0 | E52: =B52+3*D52 -> 0 | F52: =B52-3*D52 -> 0 | G52: =D52/B52*100 -> #DIV/0! | H52: =D52/POWER($O$5, 0.5) -> 0 | I52: =H52*$P$5 -> 0 | J52: =I52/B52*100 -> #DIV/0! | K52: =ROUNDUP(POWER(G52*$P$5/$Q$5,2),0) -> #DIV/0! | L52: =B52 & " ± " & (ROUNDUP(I52, 3)) -> ± 0
A53: =A52+1 -> 51 | B53: 3312 | C53: 118080 | D53: =POWER(C53/($O$5-1),0.5) -> 63.810063 | E53: =B53+3*D53 -> 3503.4302 | F53: =B53-3*D53 -> 3120.5698 | G53: =D53/B53*100 -> 1.9266323 | H53: =D53/POWER($O$5, 0.5) -> 11.65007 | I53: =H53*$P$5 -> 23.300141 | J53: =I53/B53*100 -> 0.70350666 | K53: =ROUNDUP(POWER(G53*$P$5/$Q$5,2),0) -> 1 | L53: =B53 & " ± " & (ROUNDUP(I53, 3)) -> 3312 ± 23,301
A54: =A53+1 -> 52 | B54: 3310 | C54: 137400 | D54: =POWER(C54/($O$5-1),0.5) -> 68.832631 | E54: =B54+3*D54 -> 3516.4979 | F54: =B54-3*D54 -> 3103.5021 | G54: =D54/B54*100 -> 2.0795357 | H54: =D54/POWER($O$5, 0.5) -> 12.567061 | I54: =H54*$P$5 -> 25.134123 | J54: =I54/B54*100 -> 0.75933906 | K54: =ROUNDUP(POWER(G54*$P$5/$Q$5,2),0) -> 1 | L54: =B54 & " ± " & (ROUNDUP(I54, 3)) -> 3310 ± 25,135
A55: =A54+1 -> 53 | D55: =POWER(C55/($O$5-1),0.5) -> 0 | E55: =B55+3*D55 -> 0 | F55: =B55-3*D55 -> 0 | G55: =D55/B55*100 -> #DIV/0! | H55: =D55/POWER($O$5, 0.5) -> 0 | I55: =H55*$P$5 -> 0 | J55: =I55/B55*100 -> #DIV/0! | K55: =ROUNDUP(POWER(G55*$P$5/$Q$5,2),0) -> #DIV/0! | L55: =B55 & " ± " & (ROUNDUP(I55, 3)) -> ± 0
A56: =A55+1 -> 54 | D56: =POWER(C56/($O$5-1),0.5) -> 0 | E56: =B56+3*D56 -> 0 | F56: =B56-3*D56 -> 0 | G56: =D56/B56*100 -> #DIV/0! | H56: =D56/POWER($O$5, 0.5) -> 0 | I56: =H56*$P$5 -> 0 | J56: =I56/B56*100 -> #DIV/0! | K56: =ROUNDUP(POWER(G56*$P$5/$Q$5,2),0) -> #DIV/0! | L56: =B56 & " ± " & (ROUNDUP(I56, 3)) -> ± 0
A57: =A56+1 -> 55 | D57: =POWER(C57/($O$5-1),0.5) -> 0 | E57: =B57+3*D57 -> 0 | F57: =B57-3*D57 -> 0 | G57: =D57/B57*100 -> #DIV/0! | H57: =D57/POWER($O$5, 0.5) -> 0 | I57: =H57*$P$5 -> 0 | J57: =I57/B57*100 -> #DIV/0! | K57: =ROUNDUP(POWER(G57*$P$5/$Q$5,2),0) -> #DIV/0! | L57: =B57 & " ± " & (ROUNDUP(I57, 3)) -> ± 0
A58: =A57+1 -> 56 | B58: 3286 | C58: 134520 | D58: =POWER(C58/($O$5-1),0.5) -> 68.10742 | E58: =B58+3*D58 -> 3490.3223 | F58: =B58-3*D58 -> 3081.6777 | G58: =D58/B58*100 -> 2.0726543 | H58: =D58/POWER($O$5, 0.5) -> 12.434657 | I58: =H58*$P$5 -> 24.869314 | J58: =I58/B58*100 -> 0.75682634 | K58: =ROUNDUP(POWER(G58*$P$5/$Q$5,2),0) -> 1 | L58: =B58 & " ± " & (ROUNDUP(I58, 3)) -> 3286 ± 24,87
A59: =A58+1 -> 57 | B59: 3272 | C59: 242880 | D59: =POWER(C59/($O$5-1),0.5) -> 91.515968 | E59: =B59+3*D59 -> 3546.5479 | F59: =B59-3*D59 -> 2997.4521 | G59: =D59/B59*100 -> 2.7969428 | H59: =D59/POWER($O$5, 0.5) -> 16.708453 | I59: =H59*$P$5 -> 33.416907 | J59: =I59/B59*100 -> 1.0212991 | K59: =ROUNDUP(POWER(G59*$P$5/$Q$5,2),0) -> 2 | L59: =B59 & " ± " & (ROUNDUP(I59, 3)) -> 3272 ± 33,417
A60: =A59+1 -> 58 | D60: =POWER(C60/($O$5-1),0.5) -> 0 | E60: =B60+3*D60 -> 0 | F60: =B60-3*D60 -> 0 | G60: =D60/B60*100 -> #DIV/0! | H60: =D60/POWER($O$5, 0.5) -> 0 | I60: =H60*$P$5 -> 0 | J60: =I60/B60*100 -> #DIV/0! | K60: =ROUNDUP(POWER(G60*$P$5/$Q$5,2),0) -> #DIV/0! | L60: =B60 & " ± " & (ROUNDUP(I60, 3)) -> ± 0
A61: =A60+1 -> 59 | D61: =POWER(C61/($O$5-1),0.5) -> 0 | E61: =B61+3*D61 -> 0 | F61: =B61-3*D61 -> 0 | G61: =D61/B61*100 -> #DIV/0! | H61: =D61/POWER($O$5, 0.5) -> 0 | I61: =H61*$P$5 -> 0 | J61: =I61/B61*100 -> #DIV/0! | K61: =ROUNDUP(POWER(G61*$P$5/$Q$5,2),0) -> #DIV/0! | L61: =B61 & " ± " & (ROUNDUP(I61, 3)) -> ± 0
A62: =A61+1 -> 60 | D62: =POWER(C62/($O$5-1),0.5) -> 0 | E62: =B62+3*D62 -> 0 | F62: =B62-3*D62 -> 0 | G62: =D62/B62*100 -> #DIV/0! | H62: =D62/POWER($O$5, 0.5) -> 0 | I62: =H62*$P$5 -> 0 | J62: =I62/B62*100 -> #DIV/0! | K62: =ROUNDUP(POWER(G62*$P$5/$Q$5,2),0) -> #DIV/0! | L62: =B62 & " ± " & (ROUNDUP(I62, 3)) -> ± 0
A63: =A62+1 -> 61 | B63: 3370 | C63: 79800 | D63: =POWER(C63/($O$5-1),0.5) -> 52.456879 | E63: =B63+3*D63 -> 3527.3706 | F63: =B63-3*D63 -> 3212.6294 | G63: =D63/B63*100 -> 1.5565839 | H63: =D63/POWER($O$5, 0.5) -> 9.5772719 | I63: =H63*$P$5 -> 19.154544 | J63: =I63/B63*100 -> 0.56838409 | K63: =ROUNDUP(POWER(G63*$P$5/$Q$5,2),0) -> 1 | L63: =B63 & " ± " & (ROUNDUP(I63, 3)) -> 3370 ± 19,155
A64: =A63+1 -> 62 | D64: =POWER(C64/($O$5-1),0.5) -> 0 | E64: =B64+3*D64 -> 0 | F64: =B64-3*D64 -> 0 | G64: =D64/B64*100 -> #DIV/0! | H64: =D64/POWER($O$5, 0.5) -> 0 | I64: =H64*$P$5 -> 0 | J64: =I64/B64*100 -> #DIV/0! | K64: =ROUNDUP(POWER(G64*$P$5/$Q$5,2),0) -> #DIV/0! | L64: =B64 & " ± " & (ROUNDUP(I64, 3)) -> ± 0
A65: =A64+1 -> 63 | D65: =POWER(C65/($O$5-1),0.5) -> 0 | E65: =B65+3*D65 -> 0 | F65: =B65-3*D65 -> 0 | G65: =D65/B65*100 -> #DIV/0! | H65: =D65/POWER($O$5, 0.5) -> 0 | I65: =H65*$P$5 -> 0 | J65: =I65/B65*100 -> #DIV/0! | K65: =ROUNDUP(POWER(G65*$P$5/$Q$5,2),0) -> #DIV/0! | L65: =B65 & " ± " & (ROUNDUP(I65, 3)) -> ± 0
A66: =A65+1 -> 64 | D66: =POWER(C66/($O$5-1),0.5) -> 0 | E66: =B66+3*D66 -> 0 | F66: =B66-3*D66 -> 0 | G66: =D66/B66*100 -> #DIV/0! | H66: =D66/POWER($O$5, 0.5) -> 0 | I66: =H66*$P$5 -> 0 | J66: =I66/B66*100 -> #DIV/0! | K66: =ROUNDUP(POWER(G66*$P$5/$Q$5,2),0) -> #DIV/0! | L66: =B66 & " ± " & (ROUNDUP(I66, 3)) -> ± 0
A67: =A66+1 -> 65 | D67: =POWER(C67/($O$5-1),0.5) -> 0 | E67: =B67+3*D67 -> 0 | F67: =B67-3*D67 -> 0 | G67: =D67/B67*100 -> #DIV/0! | H67: =D67/POWER($O$5, 0.5) -> 0 | I67: =H67*$P$5 -> 0 | J67: =I67/B67*100 -> #DIV/0! | K67: =ROUNDUP(POWER(G67*$P$5/$Q$5,2),0) -> #DIV/0! | L67: =B67 & " ± " & (ROUNDUP(I67, 3)) -> ± 0
A68: =A67+1 -> 66 | B68: 3268 | C68: 192480 | D68: =POWER(C68/($O$5-1),0.5) -> 81.469266 | E68: =B68+3*D68 -> 3512.4078 | F68: =B68-3*D68 -> 3023.5922 | G68: =D68/B68*100 -> 2.4929396 | H68: =D68/POWER($O$5, 0.5) -> 14.874185 | I68: =H68*$P$5 -> 29.74837 | J68: =I68/B68*100 -> 0.91029284 | K68: =ROUNDUP(POWER(G68*$P$5/$Q$5,2),0) -> 1 | L68: =B68 & " ± " & (ROUNDUP(I68, 3)) -> 3268 ± 29,749
A69: =A68+1 -> 67 | D69: =POWER(C69/($O$5-1),0.5) -> 0 | E69: =B69+3*D69 -> 0 | F69: =B69-3*D69 -> 0 | G69: =D69/B69*100 -> #DIV/0! | H69: =D69/POWER($O$5, 0.5) -> 0 | I69: =H69*$P$5 -> 0 | J69: =I69/B69*100 -> #DIV/0! | K69: =ROUNDUP(POWER(G69*$P$5/$Q$5,2),0) -> #DIV/0! | L69: =B69 & " ± " & (ROUNDUP(I69, 3)) -> ± 0
A70: =A69+1 -> 68 | D70: =POWER(C70/($O$5-1),0.5) -> 0 | E70: =B70+3*D70 -> 0 | F70: =B70-3*D70 -> 0 | G70: =D70/B70*100 -> #DIV/0! | H70: =D70/POWER($O$5, 0.5) -> 0 | I70: =H70*$P$5 -> 0 | J70: =I70/B70*100 -> #DIV/0! | K70: =ROUNDUP(POWER(G70*$P$5/$Q$5,2),0) -> #DIV/0! | L70: =B70 & " ± " & (ROUNDUP(I70, 3)) -> ± 0
A71: =A70+1 -> 69 | D71: =POWER(C71/($O$5-1),0.5) -> 0 | E71: =B71+3*D71 -> 0 | F71: =B71-3*D71 -> 0 | G71: =D71/B71*100 -> #DIV/0! | H71: =D71/POWER($O$5, 0.5) -> 0 | I71: =H71*$P$5 -> 0 | J71: =I71/B71*100 -> #DIV/0! | K71: =ROUNDUP(POWER(G71*$P$5/$Q$5,2),0) -> #DIV/0! | L71: =B71 & " ± " & (ROUNDUP(I71, 3)) -> ± 0
A72: =A71+1 -> 70 | D72: =POWER(C72/($O$5-1),0.5) -> 0 | E72: =B72+3*D72 -> 0 | F72: =B72-3*D72 -> 0 | G72: =D72/B72*100 -> #DIV/0! | H72: =D72/POWER($O$5, 0.5) -> 0 | I72: =H72*$P$5 -> 0 | J72: =I72/B72*100 -> #DIV/0! | K72: =ROUNDUP(POWER(G72*$P$5/$Q$5,2),0) -> #DIV/0! | L72: =B72 & " ± " & (ROUNDUP(I72, 3)) -> ± 0
A73: =A72+1 -> 71 | B73: 3304 | C73: 215520 | D73: =POWER(C73/($O$5-1),0.5) -> 86.207448 | E73: =B73+3*D73 -> 3562.6223 | F73: =B73-3*D73 -> 3045.3777 | G73: =D73/B73*100 -> 2.6091843 | H73: =D73/POWER($O$5, 0.5) -> 15.739255 | I73: =H73*$P$5 -> 31.478509 | J73: =I73/B73*100 -> 0.95273939 | K73: =ROUNDUP(POWER(G73*$P$5/$Q$5,2),0) -> 2 | L73: =B73 & " ± " & (ROUNDUP(I73, 3)) -> 3304 ± 31,479
A74: =A73+1 -> 72 | D74: =POWER(C74/($O$5-1),0.5) -> 0 | E74: =B74+3*D74 -> 0 | F74: =B74-3*D74 -> 0 | G74: =D74/B74*100 -> #DIV/0! | H74: =D74/POWER($O$5, 0.5) -> 0 | I74: =H74*$P$5 -> 0 | J74: =I74/B74*100 -> #DIV/0! | K74: =ROUNDUP(POWER(G74*$P$5/$Q$5,2),0) -> #DIV/0! | L74: =B74 & " ± " & (ROUNDUP(I74, 3)) -> ± 0
A75: =A74+1 -> 73 | D75: =POWER(C75/($O$5-1),0.5) -> 0 | E75: =B75+3*D75 -> 0 | F75: =B75-3*D75 -> 0 | G75: =D75/B75*100 -> #DIV/0! | H75: =D75/POWER($O$5, 0.5) -> 0 | I75: =H75*$P$5 -> 0 | J75: =I75/B75*100 -> #DIV/0! | K75: =ROUNDUP(POWER(G75*$P$5/$Q$5,2),0) -> #DIV/0! | L75: =B75 & " ± " & (ROUNDUP(I75, 3)) -> ± 0
A76: =A75+1 -> 74 | D76: =POWER(C76/($O$5-1),0.5) -> 0 | E76: =B76+3*D76 -> 0 | F76: =B76-3*D76 -> 0 | G76: =D76/B76*100 -> #DIV/0! | H76: =D76/POWER($O$5, 0.5) -> 0 | I76: =H76*$P$5 -> 0 | J76: =I76/B76*100 -> #DIV/0! | K76: =ROUNDUP(POWER(G76*$P$5/$Q$5,2),0) -> #DIV/0! | L76: =B76 & " ± " & (ROUNDUP(I76, 3)) -> ± 0
A77: =A76+1 -> 75 | D77: =POWER(C77/($O$5-1),0.5) -> 0 | E77: =B77+3*D77 -> 0 | F77: =B77-3*D77 -> 0 | G77: =D77/B77*100 -> #DIV/0! | H77: =D77/POWER($O$5, 0.5) -> 0 | I77: =H77*$P$5 -> 0 | J77: =I77/B77*100 -> #DIV/0! | K77: =ROUNDUP(POWER(G77*$P$5/$Q$5,2),0) -> #DIV/0! | L77: =B77 & " ± " & (ROUNDUP(I77, 3)) -> ± 0
A78: =A77+1 -> 76 | B78: 3280 | C78: 268800 | D78: =POWER(C78/($O$5-1),0.5) -> 96.275467 | E78: =B78+3*D78 -> 3568.8264 | F78: =B78-3*D78 -> 2991.1736 | G78: =D78/B78*100 -> 2.9352276 | H78: =D78/POWER($O$5, 0.5) -> 17.577415 | I78: =H78*$P$5 -> 35.15483 | J78: =I78/B78*100 -> 1.0717936 | K78: =ROUNDUP(POWER(G78*$P$5/$Q$5,2),0) -> 2 | L78: =B78 & " ± " & (ROUNDUP(I78, 3)) -> 3280 ± 35,155
A81: Спец. 1 | B81: 3416 | C81: 6720 | D81: =POWER(C81/($O$5-1),0.5) -> 15.222488 | E81: =B81+3*D81 -> 3461.6675 | F81: =B81-3*D81 -> 3370.3325 | G81: =D81/B81*100 -> 0.44562318 | H81: =D81/POWER($O$5, 0.5) -> 2.7792333 | I81: =H81*$P$5 -> 5.5584667 | J81: =I81/B81*100 -> 0.16271858 | K81: =ROUNDUP(POWER(G81*$P$5/$Q$5,2),0) -> 1 | L81: =B81 & " ± " & (ROUNDUP(I81, 3)) -> 3416 ± 5,559
A82: Спец. 2 | B82: 3420 | C82: 0 | D82: =POWER(C82/($O$5-1),0.5) -> 0 | E82: =B82+3*D82 -> 3420 | F82: =B82-3*D82 -> 3420 | G82: =D82/B82*100 -> 0 | H82: =D82/POWER($O$5, 0.5) -> 0 | I82: =H82*$P$5 -> 0 | J82: =I82/B82*100 -> 0 | K82: =ROUNDUP(POWER(G82*$P$5/$Q$5,2),0) -> 0 | L82: =B82 & " ± " & (ROUNDUP(I82, 3)) -> 3420 ± 0
A83: Спец. 3 | B83: 2612 | C83: 6406080 | D83: =POWER(C83/($O$5-1),0.5) -> 469.99927 | E83: =B83+3*D83 -> 4021.9978 | F83: =B83-3*D83 -> 1202.0022 | G83: =D83/B83*100 -> 17.993846 | H83: =D83/POWER($O$5, 0.5) -> 85.809733 | I83: =H83*$P$5 -> 171.61947 | J83: =I83/B83*100 -> 6.5704237 | K83: =ROUNDUP(POWER(G83*$P$5/$Q$5,2),0) -> 52 | L83: =B83 & " ± " & (ROUNDUP(I83, 3)) -> 2612 ± 171,62
A84: Спец. 4 | B84: 2584 | C84: 6133920 | D84: =POWER(C84/($O$5-1),0.5) -> 459.90704 | E84: =B84+3*D84 -> 3963.7211 | F84: =B84-3*D84 -> 1204.2789 | G84: =D84/B84*100 -> 17.79826 | H84: =D84/POWER($O$5, 0.5) -> 83.967153 | I84: =H84*$P$5 -> 167.93431 | J84: =I84/B84*100 -> 6.4990056 | K84: =ROUNDUP(POWER(G84*$P$5/$Q$5,2),0) -> 51 | L84: =B84 & " ± " & (ROUNDUP(I84, 3)) -> 2584 ± 167,935
A85: Спец. 5 | B85: 3214 | C85: 559320 | D85: =POWER(C85/($O$5-1),0.5) -> 138.87727 | E85: =B85+3*D85 -> 3630.6318 | F85: =B85-3*D85 -> 2797.3682 | G85: =D85/B85*100 -> 4.3210103 | H85: =D85/POWER($O$5, 0.5) -> 25.355405 | I85: =H85*$P$5 -> 50.71081 | J85: =I85/B85*100 -> 1.5778099 | K85: =ROUNDUP(POWER(G85*$P$5/$Q$5,2),0) -> 3 | L85: =B85 & " ± " & (ROUNDUP(I85, 3)) -> 3214 ± 50,711
A86: Спец. 6 | B86: 3170 | C86: 555000 | D86: =POWER(C86/($O$5-1),0.5) -> 138.33991 | E86: =B86+3*D86 -> 3585.0197 | F86: =B86-3*D86 -> 2754.9803 | G86: =D86/B86*100 -> 4.3640351 | H86: =D86/POWER($O$5, 0.5) -> 25.257297 | I86: =H86*$P$5 -> 50.514593 | J86: =I86/B86*100 -> 1.5935203 | K86: =ROUNDUP(POWER(G86*$P$5/$Q$5,2),0) -> 4 | L86: =B86 & " ± " & (ROUNDUP(I86, 3)) -> 3170 ± 50,515
A87: Спец. 7 | B87: 2236 | C87: 13254720 | D87: =POWER(C87/($O$5-1),0.5) -> 676.06162 | E87: =B87+3*D87 -> 4264.1849 | F87: =B87-3*D87 -> 207.81515 | G87: =D87/B87*100 -> 30.235314 | H87: =D87/POWER($O$5, 0.5) -> 123.4314 | I87: =H87*$P$5 -> 246.8628 | J87: =I87/B87*100 -> 11.040376 | K87: =ROUNDUP(POWER(G87*$P$5/$Q$5,2),0) -> 147 | L87: =B87 & " ± " & (ROUNDUP(I87, 3)) -> 2236 ± 246,863
A88: Спец. 8 | B88: 1804 | C88: 17265120 | D88: =POWER(C88/($O$5-1),0.5) -> 771.5886 | E88: =B88+3*D88 -> 4118.7658 | F88: =B88-3*D88 -> -510.7658 | G88: =D88/B88*100 -> 42.770987 | H88: =D88/POWER($O$5, 0.5) -> 140.87216 | I88: =H88*$P$5 -> 281.74432 | J88: =I88/B88*100 -> 15.617756 | K88: =ROUNDUP(POWER(G88*$P$5/$Q$5,2),0) -> 293 | L88: =B88 & " ± " & (ROUNDUP(I88, 3)) -> 1804 ± 281,745

Sheet T0_12
A1: Серия экспериментов\статистика | B1: x_ср [м.е.] | C1: Σ((Δxi)^2) [м.е.^2] | D1: σ [м.е.] | E1: x_ср+3*σ [м.е.] | F1: x_ср-3*σ [м.е.] | G1: kв [%] | H1: σ0 [м.е.] | I1: Δx [м.е.] | J1: δx [%] | K1: N_мин | L1: x_ист [м.е.]
A3: 1 | B3: 3418 | C3: 3480 | D3: =POWER(C3/($O$5-1),0.5) -> 10.954451 | E3: =B3+3*D3 -> 3450.8634 | F3: =B3-3*D3 -> 3385.1366 | G3: =D3/B3*100 -> 0.32049301 | H3: =D3/POWER($O$5, 0.5) -> 2 | I3: =H3*$P$5 -> 4 | J3: =I3/B3*100 -> 0.1170275 | K3: =ROUNDUP(POWER(G3*$P$5/$Q$5,2),0) -> 1 | L3: =B3 & " ± " & (ROUNDUP(I3, 3)) -> 3418 ± 4
A4: =A3+1 -> 2 | D4: =POWER(C4/($O$5-1),0.5) -> 0 | E4: =B4+3*D4 -> 0 | F4: =B4-3*D4 -> 0 | G4: =D4/B4*100 -> #DIV/0! | H4: =D4/POWER($O$5, 0.5) -> 0 | I4: =H4*$P$5 -> 0 | J4: =I4/B4*100 -> #DIV/0! | K4: =ROUNDUP(POWER(G4*$P$5/$Q$5,2),0) -> #DIV/0! | L4: =B4 & " ± " & (ROUNDUP(I4, 3)) -> ± 0 | N4: p | O4: N | P4: t_pN | Q4: Δ [%]
A5: =A4+1 -> 3 | D5: =POWER(C5/($O$5-1),0.5) -> 0 | E5: =B5+3*D5 -> 0 | F5: =B5-3*D5 -> 0 | G5: =D5/B5*100 -> #DIV/0! | H5: =D5/POWER($O$5, 0.5) -> 0 | I5: =H5*$P$5 -> 0 | J5: =I5/B5*100 -> #DIV/0! | K5: =ROUNDUP(POWER(G5*$P$5/$Q$5,2),0) -> #DIV/0! | L5: =B5 & " ± " & (ROUNDUP(I5, 3)) -> ± 0 | N5: 0.95 | O5: 30 | P5: 2 | Q5: 5
A6: =A5+1 -> 4 | D6: =POWER(C6/($O$5-1),0.5) -> 0 | E6: =B6+3*D6 -> 0 | F6: =B6-3*D6 -> 0 | G6: =D6/B6*100 -> #DIV/0! | H6: =D6/POWER($O$5, 0.5) -> 0 | I6: =H6*$P$5 -> 0 | J6: =I6/B6*100 -> #DIV/0! | K6: =ROUNDUP(POWER(G6*$P$5/$Q$5,2),0) -> #DIV/0! | L6: =B6 & " ± " & (ROUNDUP(I6, 3)) -> ± 0
A7: =A6+1 -> 5 | D7: =POWER(C7/($O$5-1),0.5) -> 0 | E7: =B7+3*D7 -> 0 | F7: =B7-3*D7 -> 0 | G7: =D7/B7*100 -> #DIV/0! | H7: =D7/POWER($O$5, 0.5) -> 0 | I7: =H7*$P$5 -> 0 | J7: =I7/B7*100 -> #DIV/0! | K7: =ROUNDUP(POWER(G7*$P$5/$Q$5,2),0) -> #DIV/0! | L7: =B7 & " ± " & (ROUNDUP(I7, 3)) -> ± 0
A8: =A7+1 -> 6 | B8: 3412 | C8: 26880 | D8: =POWER(C8/($O$5-1),0.5) -> 30.444976 | E8: =B8+3*D8 -> 3503.3349 | F8: =B8-3*D8 -> 3320.6651 | G8: =D8/B8*100 -> 0.8922912 | H8: =D8/POWER($O$5, 0.5) -> 5.5584667 | I8: =H8*$P$5 -> 11.116933 | J8: =I8/B8*100 -> 0.32581868 | K8: =ROUNDUP(POWER(G8*$P$5/$Q$5,2),0) -> 1 | L8: =B8 & " ± " & (ROUNDUP(I8, 3)) -> 3412 ± 11,117
A9: =A8+1 -> 7 | D9: =POWER(C9/($O$5-1),0.5) -> 0 | E9: =B9+3*D9 -> 0 | F9: =B9-3*D9 -> 0 | G9: =D9/B9*100 -> #DIV/0! | H9: =D9/POWER($O$5, 0.5) -> 0 | I9: =H9*$P$5 -> 0 | J9: =I9/B9*100 -> #DIV/0! | K9: =ROUNDUP(POWER(G9*$P$5/$Q$5,2),0) -> #DIV/0! | L9: =B9 & " ± " & (ROUNDUP(I9, 3)) -> ± 0
A10: =A9+1 -> 8 | D10: =POWER(C10/($O$5-1),0.5) -> 0 | E10: =B10+3*D10 -> 0 | F10: =B10-3*D10 -> 0 | G10: =D10/B10*100 -> #DIV/0! | H10: =D10/POWER($O$5, 0.5) -> 0 | I10: =H10*$P$5 -> 0 | J10: =I10/B10*100 -> #DIV/0! | K10: =ROUNDUP(POWER(G10*$P$5/$Q$5,2),0) -> #DIV/0! | L10: =B10 & " ± " & (ROUNDUP(I10, 3)) -> ± 0
A11: =A10+1 -> 9 | D11: =POWER(C11/($O$5-1),0.5) -> 0 | E11: =B11+3*D11 -> 0 | F11: =B11-3*D11 -> 0 | G11: =D11/B11*100 -> #DIV/0! | H11: =D11/POWER($O$5, 0.5) -> 0 | I11: =H11*$P$5 -> 0 | J11: =I11/B11*100 -> #DIV/0! | K11: =ROUNDUP(POWER(G11*$P$5/$Q$5,2),0) -> #DIV/0! | L11: =B11 & " ± " & (ROUNDUP(I11, 3)) -> ± 0
A12: =A11+1 -> 10 | D12: =POWER(C12/($O$5-1),0.5) -> 0 | E12: =B12+3*D12 -> 0 | F12: =B12-3*D12 -> 0 | G12: =D12/B12*100 -> #DIV/0! | H12: =D12/POWER($O$5, 0.5) -> 0 | I12: =H12*$P$5 -> 0 | J12: =I12/B12*100 -> #DIV/0! | K12: =ROUNDUP(POWER(G12*$P$5/$Q$5,2),0) -> #DIV/0! | L12: =B12 & " ± " & (ROUNDUP(I12, 3)) -> ± 0
A13: =A12+1 -> 11 | B13: 3416 | C13: 13920 | D13: =POWER(C13/($O$5-1),0.5) -> 21.908902 | E13: =B13+3*D13 -> 3481.7267 | F13: =B13-3*D13 -> 3350.2733 | G13: =D13/B13*100 -> 0.64136131 | H13: =D13/POWER($O$5, 0.5) -> 4 | I13: =H13*$P$5 -> 8 | J13: =I13/B13*100 -> 0.23419204 | K13: =ROUNDUP(POWER(G13*$P$5/$Q$5,2),0) -> 1 | L13: =B13 & " ± " & (ROUNDUP(I13, 3)) -> 3416 ± 8
A14: =A13+1 -> 12 | D14: =POWER(C14/($O$5-1),0.5) -> 0 | E14: =B14+3*D14 -> 0 | F14: =B14-3*D14 -> 0 | G14: =D14/B14*100 -> #DIV/0! | H14: =D14/POWER($O$5, 0.5) -> 0 | I14: =H14*$P$5 -> 0 | J14: =I14/B14*100 -> #DIV/0! | K14: =ROUNDUP(POWER(G14*$P$5/$Q$5,2),0) -> #DIV/0! | L14: =B14 & " ± " & (ROUNDUP(I14, 3)) -> ± 0
A15: =A14+1 -> 13 | D15: =POWER(C15/($O$5-1),0.5) -> 0 | E15: =B15+3*D15 -> 0 | F15: =B15-3*D15 -> 0 | G15: =D15/B15*100 -> #DIV/0! | H15: =D15/POWER($O$5, 0.5) -> 0 | I15: =H15*$P$5 -> 0 | J15: =I15/B15*100 -> #DIV/0! | K15: =ROUNDUP(POWER(G15*$P$5/$Q$5,2),0) -> #DIV/0! | L15: =B15 & " ± " & (ROUNDUP(I15, 3)) -> ± 0
A16: =A15+1 -> 14 | D16: =POWER(C16/($O$5-1),0.5) -> 0 | E16: =B16+3*D16 -> 0 | F16: =B16-3*D16 -> 0 | G16: =D16/B16*100 -> #DIV/0! | H16: =D16/POWER($O$5, 0.5) -> 0 | I16: =H16*$P$5 -> 0 | J16: =I16/B16*100 -> #DIV/0! | K16: =ROUNDUP(POWER(G16*$P$5/$Q$5,2),0) -> #DIV/0! | L16: =B16 & " ± " & (ROUNDUP(I16, 3)) -> ± 0
A17: =A16+1 -> 15 | D17: =POWER(C17/($O$5-1),0.5) -> 0 | E17: =B17+3*D17 -> 0 | F17: =B17-3*D17 -> 0 | G17: =D17/B17*100 -> #DIV/0! | H17: =D17/POWER($O$5, 0.5) -> 0 | I17: =H17*$P$5 -> 0 | J17: =I17/B17*100 -> #DIV/0! | K17: =ROUNDUP(POWER(G17*$P$5/$Q$5,2),0) -> #DIV/0! | L17: =B17 & " ± " & (ROUNDUP(I17, 3)) -> ± 0
A18: =A17+1 -> 16 | B18: 3380 | C18: 74400 | D18: =POWER(C18/($O$5-1),0.5) -> 50.650935 | E18: =B18+3*D18 -> 3531.9528 | F18: =B18-3*D18 -> 3228.0472 | G18: =D18/B18*100 -> 1.4985484 | H18: =D18/POWER($O$5, 0.5) -> 9.2475533 | I18: =H18*$P$5 -> 18.495107 | J18: =I18/B18*100 -> 0.5471925 | K18: =ROUNDUP(POWER(G18*$P$5/$Q$5,2),0) -> 1 | L18: =B18 & " ± " & (ROUNDUP(I18, 3)) -> 3380 ± 18,496
A19: =A18+1 -> 17 | D19: =POWER(C19/($O$5-1),0.5) -> 0 | E19: =B19+3*D19 -> 0 | F19: =B19-3*D19 -> 0 | G19: =D19/B19*100 -> #DIV/0! | H19: =D19/POWER($O$5, 0.5) -> 0 | I19: =H19*$P$5 -> 0 | J19: =I19/B19*100 -> #DIV/0! | K19: =ROUNDUP(POWER(G19*$P$5/$Q$5,2),0) -> #DIV/0! | L19: =B19 & " ± " & (ROUNDUP(I19, 3)) -> ± 0
A20: =A19+1 -> 18 | D20: =POWER(C20/($O$5-1),0.5) -> 0 | E20: =B20+3*D20 -> 0 | F20: =B20-3*D20 -> 0 | G20: =D20/B20*100 -> #DIV/0! | H20: =D20/POWER($O$5, 0.5) -> 0 | I20: =H20*$P$5 -> 0 | J20: =I20/B20*100 -> #DIV/0! | K20: =ROUNDUP(POWER(G20*$P$5/$Q$5,2),0) -> #DIV/0! | L20: =B20 & " ± " & (ROUNDUP(I20, 3)) -> ± 0
A21: =A20+1 -> 19 | D21: =POWER(C21/($O$5-1),0.5) -> 0 | E21: =B21+3*D21 -> 0 | F21: =B21-3*D21 -> 0 | G21: =D21/B21*100 -> #DIV/0! | H21: =D21/POWER($O$5, 0.5) -> 0 | I21: =H21*$P$5 -> 0 | J21: =I21/B21*100 -> #DIV/0! | K21: =ROUNDUP(POWER(G21*$P$5/$Q$5,2),0) -> #DIV/0! | L21: =B21 & " ± " & (ROUNDUP(I21, 3)) -> ± 0
A22: =A21+1 -> 20 | D22: =POWER(C22/($O$5-1),0.5) -> 0 | E22: =B22+3*D22 -> 0 | F22: =B22-3*D22 -> 0 | G22: =D22/B22*100 -> #DIV/0! | H22: =D22/POWER($O$5, 0.5) -> 0 | I22: =H22*$P$5 -> 0 | J22: =I22/B22*100 -> #DIV/0! | K22: =ROUNDUP(POWER(G22*$P$5/$Q$5,2),0) -> #DIV/0! | L22: =B22 & " ± " & (ROUNDUP(I22, 3)) -> ± 0
A23: =A22+1 -> 21 | B23: 3406 | C23: 26520 | D23: =POWER(C23/($O$5-1),0.5) -> 30.240416 | E23: =B23+3*D23 -> 3496.7212 | F23: =B23-3*D23 -> 3315.2788 | G23: =D23/B23*100 -> 0.88785719 | H23: =D23/POWER($O$5, 0.5) -> 5.5211193 | I23: =H23*$P$5 -> 11.042239 | J23: =I23/B23*100 -> 0.32419961 | K23: =ROUNDUP(POWER(G23*$P$5/$Q$5,2),0) -> 1 | L23: =B23 & " ± " & (ROUNDUP(I23, 3)) -> 3406 ± 11,043
A24: =A23+1 -> 22 | D24: =POWER(C24/($O$5-1),0.5) -> 0 | E24: =B24+3*D24 -> 0 | F24: =B24-3*D24 -> 0 | G24: =D24/B24*100 -> #DIV/0! | H24: =D24/POWER($O$5, 0.5) -> 0 | I24: =H24*$P$5 -> 0 | J24: =I24/B24*100 -> #DIV/0! | K24: =ROUNDUP(POWER(G24*$P$5/$Q$5,2),0) -> #DIV/0! | L24: =B24 & " ± " & (ROUNDUP(I24, 3)) -> ± 0
A25: =A24+1 -> 23 | D25: =POWER(C25/($O$5-1),0.5) -> 0 | E25: =B25+3*D25 -> 0 | F25: =B25-3*D25 -> 0 | G25: =D25/B25*100 -> #DIV/0! | H25: =D25/POWER($O$5, 0.5) -> 0 | I25: =H25*$P$5 -> 0 | J25: =I25/B25*100 -> #DIV/0! | K25: =ROUNDUP(POWER(G25*$P$5/$Q$5,2),0) -> #DIV/0! | L25: =B25 & " ± " & (ROUNDUP(I25, 3)) -> ± 0
A26: =A25+1 -> 24 | D26: =POWER(C26/($O$5-1),0.5) -> 0 | E26: =B26+3*D26 -> 0 | F26: =B26-3*D26 -> 0 | G26: =D26/B26*100 -> #DIV/0! | H26: =D26/POWER($O$5, 0.5) -> 0 | I26: =H26*$P$5 -> 0 | J26: =I26/B26*100 -> #DIV/0! | K26: =ROUNDUP(POWER(G26*$P$5/$Q$5,2),0) -> #DIV/0! | L26: =B26 & " ± " & (ROUNDUP(I26, 3)) -> ± 0
A27: =A26+1 -> 25 | D27: =POWER(C27/($O$5-1),0.5) -> 0 | E27: =B27+3*D27 -> 0 | F27: =B27-3*D27 -> 0 | G27: =D27/B27*100 -> #DIV/0! | H27: =D27/POWER($O$5, 0.5) -> 0 | I27: =H27*$P$5 -> 0 | J27: =I27/B27*100 -> #DIV/0! | K27: =ROUNDUP(POWER(G27*$P$5/$Q$5,2),0) -> #DIV/0! | L27: =B27 & " ± " & (ROUNDUP(I27, 3)) -> ± 0
A28: =A27+1 -> 26 | B28: 3214 | C28: 840120 | D28: =POWER(C28/($O$5-1),0.5) -> 170.20474 | E28: =B28+3*D28 -> 3724.6142 | F28: =B28-3*D28 -> 2703.3858 | G28: =D28/B28*100 -> 5.2957295 | H28: =D28/POWER($O$5, 0.5) -> 31.074993 | I28: =H28*$P$5 -> 62.149985 | J28: =I28/B28*100 -> 1.933727 | K28: =ROUNDUP(POWER(G28*$P$5/$Q$5,2),0) -> 5 | L28: =B28 & " ± " & (ROUNDUP(I28, 3)) -> 3214 ± 62,15
A29: =A28+1 -> 27 | D29: =POWER(C29/($O$5-1),0.5) -> 0 | E29: =B29+3*D29 -> 0 | F29: =B29-3*D29 -> 0 | G29: =D29/B29*100 -> #DIV/0! | H29: =D29/POWER($O$5, 0.5) -> 0 | I29: =H29*$P$5 -> 0 | J29: =I29/B29*100 -> #DIV/0! | K29: =ROUNDUP(POWER(G29*$P$5/$Q$5,2),0) -> #DIV/0! | L29: =B29 & " ± " & (ROUNDUP(I29, 3)) -> ± 0
A30: =A29+1 -> 28 | D30: =POWER(C30/($O$5-1),0.5) -> 0 | E30: =B30+3*D30 -> 0 | F30: =B30-3*D30 -> 0 | G30: =D30/B30*100 -> #DIV/0! | H30: =D30/POWER($O$5, 0.5) -> 0 | I30: =H30*$P$5 -> 0 | J30: =I30/B30*100 -> #DIV/0! | K30: =ROUNDUP(POWER(G30*$P$5/$Q$5,2),0) -> #DIV/0! | L30: =B30 & " ± " & (ROUNDUP(I30, 3)) -> ± 0
A31: =A30+1 -> 29 | D31: =POWER(C31/($O$5-1),0.5) -> 0 | E31: =B31+3*D31 -> 0 | F31: =B31-3*D31 -> 0 | G31: =D31/B31*100 -> #DIV/0! | H31: =D31/POWER($O$5, 0.5) -> 0 | I31: =H31*$P$5 -> 0 | J31: =I31/B31*100 -> #DIV/0! | K31: =ROUNDUP(POWER(G31*$P$5/$Q$5,2),0) -> #DIV/0! | L31: =B31 & " ± " & (ROUNDUP(I31, 3)) -> ± 0
A32: =A31+1 -> 30 | D32: =POWER(C32/($O$5-1),0.5) -> 0 | E32: =B32+3*D32 -> 0 | F32: =B32-3*D32 -> 0 | G32: =D32/B32*100 -> #DIV/0! | H32: =D32/POWER($O$5, 0.5) -> 0 | I32: =H32*$P$5 -> 0 | J32: =I32/B32*100 -> #DIV/0! | K32: =ROUNDUP(POWER(G32*$P$5/$Q$5,2),0) -> #DIV/0! | L32: =B32 & " ± " & (ROUNDUP(I32, 3)) -> ± 0
A33: =A32+1 -> 31 | B33: 3390 | C33: 63000 | D33: =POWER(C33/($O$5-1),0.5) -> 46.60916 | E33: =B33+3*D33 -> 3529.8275 | F33: =B33-3*D33 -> 3250.1725 | G33: =D33/B33*100 -> 1.3749015 | H33: =D33/POWER($O$5, 0.5) -> 8.5096294 | I33: =H33*$P$5 -> 17.019259 | J33: =I33/B33*100 -> 0.50204303 | K33: =ROUNDUP(POWER(G33*$P$5/$Q$5,2),0) -> 1 | L33: =B33 & " ± " & (ROUNDUP(I33, 3)) -> 3390 ± 17,02
A34: =A33+1 -> 32 | D34: =POWER(C34/($O$5-1),0.5) -> 0 | E34: =B34+3*D34 -> 0 | F34: =B34-3*D34 -> 0 | G34: =D34/B34*100 -> #DIV/0! | H34: =D34/POWER($O$5, 0.5) -> 0 | I34: =H34*$P$5 -> 0 | J34: =I34/B34*100 -> #DIV/0! | K34: =ROUNDUP(POWER(G34*$P$5/$Q$5,2),0) -> #DIV/0! | L34: =B34 & " ± " & (ROUNDUP(I34, 3)) -> ± 0
A35: =A34+1 -> 33 | D35: =POWER(C35/($O$5-1),0.5) -> 0 | E35: =B35+3*D35 -> 0 | F35: =B35-3*D35 -> 0 | G35: =D35/B35*100 -> #DIV/0! | H35: =D35/POWER($O$5, 0.5) -> 0 | I35: =H35*$P$5 -> 0 | J35: =I35/B35*100 -> #DIV/0! | K35: =ROUNDUP(POWER(G35*$P$5/$Q$5,2),0) -> #DIV/0! | L35: =B35 & " ± " & (ROUNDUP(I35, 3)) -> ± 0
A36: =A35+1 -> 34 | D36: =POWER(C36/($O$5-1),0.5) -> 0 | E36: =B36+3*D36 -> 0 | F36: =B36-3*D36 -> 0 | G36: =D36/B36*100 -> #DIV/0! | H36: =D36/POWER($O$5, 0.5) -> 0 | I36: =H36*$P$5 -> 0 | J36: =I36/B36*100 -> #DIV/0! | K36: =ROUNDUP(POWER(G36*$P$5/$Q$5,2),0) -> #DIV/0! | L36: =B36 & " ± " & (ROUNDUP(I36, 3)) -> ± 0
A37: =A36+1 -> 35 | D37: =POWER(C37/($O$5-1),0.5) -> 0 | E37: =B37+3*D37 -> 0 | F37: =B37-3*D37 -> 0 | G37: =D37/B37*100 -> #DIV/0! | H37: =D37/POWER($O$5, 0.5) -> 0 | I37: =H37*$P$5 -> 0 | J37: =I37/B37*100 -> #DIV/0! | K37: =ROUNDUP(POWER(G37*$P$5/$Q$5,2),0) -> #DIV/0! | L37: =B37 & " ± " & (ROUNDUP(I37, 3)) -> ± 0
A38: =A37+1 -> 36 | B38: 3382 | C38: 61080 | D38: =POWER(C38/($O$5-1),0.5) -> 45.89343 | E38: =B38+3*D38 -> 3519.6803 | F38: =B38-3*D38 -> 3244.3197 | G38: =D38/B38*100 -> 1.3569908 | H38: =D38/POWER($O$5, 0.5) -> 8.3789556 | I38: =H38*$P$5 -> 16.757911 | J38: =I38/B38*100 -> 0.49550299 | K38: =ROUNDUP(POWER(G38*$P$5/$Q$5,2),0) -> 1 | L38: =B38 & " ± " & (ROUNDUP(I38, 3)) -> 3382 ± 16,758
A39: =A38+1 -> 37 | D39: =POWER(C39/($O$5-1),0.5) -> 0 | E39: =B39+3*D39 -> 0 | F39: =B39-3*D39 -> 0 | G39: =D39/B39*100 -> #DIV/0! | H39: =D39/POWER($O$5, 0.5) -> 0 | I39: =H39*$P$5 -> 0 | J39: =I39/B39*100 -> #DIV/0! | K39: =ROUNDUP(POWER(G39*$P$5/$Q$5,2),0) -> #DIV/0! | L39: =B39 & " ± " & (ROUNDUP(I39, 3)) -> ± 0
A40: =A39+1 -> 38 | D40: =POWER(C40/($O$5-1),0.5) -> 0 | E40: =B40+3*D40 -> 0 | F40: =B40-3*D40 -> 0 | G40: =D40/B40*100 -> #DIV/0! | H40: =D40/POWER($O$5, 0.5) -> 0 | I40: =H40*$P$5 -> 0 | J40: =I40/B40*100 -> #DIV/0! | K40: =ROUNDUP(POWER(G40*$P$5/$Q$5,2),0) -> #DIV/0! | L40: =B40 & " ± " & (ROUNDUP(I40, 3)) -> ± 0
A41: =A40+1 -> 39 | D41: =POWER(C41/($O$5-1),0.5) -> 0 | E41: =B41+3*D41 -> 0 | F41: =B41-3*D41 -> 0 | G41: =D41/B41*100 -> #DIV/0! | H41: =D41/POWER($O$5, 0.5) -> 0 | I41: =H41*$P$5 -> 0 | J41: =I41/B41*100 -> #DIV/0! | K41: =ROUNDUP(POWER(G41*$P$5/$Q$5,2),0) -> #DIV/0! | L41: =B41 & " ± " & (ROUNDUP(I41, 3)) -> ± 0
A42: =A41+1 -> 40 | D42: =POWER(C42/($O$5-1),0.5) -> 0 | E42: =B42+3*D42 -> 0 | F42: =B42-3*D42 -> 0 | G42: =D42/B42*100 -> #DIV/0! | H42: =D42/POWER($O$5, 0.5) -> 0 | I42: =H42*$P$5 -> 0 | J42: =I42/B42*100 -> #DIV/0! | K42: =ROUNDUP(POWER(G42*$P$5/$Q$5,2),0) -> #DIV/0! | L42: =B42 & " ± " & (ROUNDUP(I42, 3)) -> ± 0
A43: =A42+1 -> 41 | B43: 3400 | C43: 24000 | D43: =POWER(C43/($O$5-1),0.5) -> 28.767798 | E43: =B43+3*D43 -> 3486.3034 | F43: =B43-3*D43 -> 3313.6966 | G43: =D43/B43*100 -> 0.84611171 | H43: =D43/POWER($O$5, 0.5) -> 5.2522573 | I43: =H43*$P$5 -> 10.504515 | J43: =I43/B43*100 -> 0.30895631 | K43: =ROUNDUP(POWER(G43*$P$5/$Q$5,2),0) -> 1 | L43: =B43 & " ± " & (ROUNDUP(I43, 3)) -> 3400 ± 10,505
A44: =A43+1 -> 42 | D44: =POWER(C44/($O$5-1),0.5) -> 0 | E44: =B44+3*D44 -> 0 | F44: =B44-3*D44 -> 0 | G44: =D44/B44*100 -> #DIV/0! | H44: =D44/POWER($O$5, 0.5) -> 0 | I44: =H44*$P$5 -> 0 | J44: =I44/B44*100 -> #DIV/0! | K44: =ROUNDUP(POWER(G44*$P$5/$Q$5,2),0) -> #DIV/0! | L44: =B44 & " ± " & (ROUNDUP(I44, 3)) -> ± 0
A45: =A44+1 -> 43 | D45: =POWER(C45/($O$5-1),0.5) -> 0 | E45: =B45+3*D45 -> 0 | F45: =B45-3*D45 -> 0 | G45: =D45/B45*100 -> #DIV/0! | H45: =D45/POWER($O$5, 0.5) -> 0 | I45: =H45*$P$5 -> 0 | J45: =I45/B45*100 -> #DIV/0! | K45: =ROUNDUP(POWER(G45*$P$5/$Q$5,2),0) -> #DIV/0! | L45: =B45 & " ± " & (ROUNDUP(I45, 3)) -> ± 0
A46: =A45+1 -> 44 | D46: =POWER(C46/($O$5-1),0.5) -> 0 | E46: =B46+3*D46 -> 0 | F46: =B46-3*D46 -> 0 | G46: =D46/B46*100 -> #DIV/0! | H46: =D46/POWER($O$5, 0.5) -> 0 | I46: =H46*$P$5 -> 0 | J46: =I46/B46*100 -> #DIV/0! | K46: =ROUNDUP(POWER(G46*$P$5/$Q$5,2),0) -> #DIV/0! | L46: =B46 & " ± " & (ROUNDUP(I46, 3)) -> ± 0
A47: =A46+1 -> 45 | D47: =POWER(C47/($O$5-1),0.5) -> 0 | E47: =B47+3*D47 -> 0 | F47: =B47-3*D47 -> 0 | G47: =D47/B47*100 -> #DIV/0! | H47: =D47/POWER($O$5, 0.5) -> 0 | I47: =H47*$P$5 -> 0 | J47: =I47/B47*100 -> #DIV/0! | K47: =ROUNDUP(POWER(G47*$P$5/$Q$5,2),0) -> #DIV/0! | L47: =B47 & " ± " & (ROUNDUP(I47, 3)) -> ± 0
A48: =A47+1 -> 46 | B48: 3396 | C48: 47520 | D48: =POWER(C48/($O$5-1),0.5) -> 40.47988 | E48: =B48+3*D48 -> 3517.4396 | F48: =B48-3*D48 -> 3274.5604 | G48: =D48/B48*100 -> 1.191987 | H48: =D48/POWER($O$5, 0.5) -> 7.3905811 | I48: =H48*$P$5 -> 14.781162 | J48: =I48/B48*100 -> 0.43525213 | K48: =ROUNDUP(POWER(G48*$P$5/$Q$5,2),0) -> 1 | L48: =B48 & " ± " & (ROUNDUP(I48, 3)) -> 3396 ± 14,782
A49: =A48+1 -> 47 | D49: =POWER(C49/($O$5-1),0.5) -> 0 | E49: =B49+3*D49 -> 0 | F49: =B49-3*D49 -> 0 | G49: =D49/B49*100 -> #DIV/0! | H49: =D49/POWER($O$5, 0.5) -> 0 | I49: =H49*$P$5 -> 0 | J49: =I49/B49*100 -> #DIV/0! | K49: =ROUNDUP(POWER(G49*$P$5/$Q$5,2),0) -> #DIV/0! | L49: =B49 & " ± " & (ROUNDUP(I49, 3)) -> ± 0
A50: =A49+1 -> 48 | D50: =POWER(C50/($O$5-1),0.5) -> 0 | E50: =B50+3*D50 -> 0 | F50: =B50-3*D50 -> 0 | G50: =D50/B50*100 -> #DIV/0! | H50: =D50/POWER($O$5, 0.5) -> 0 | I50: =H50*$P$5 -> 0 | J50: =I50/B50*100 -> #DIV/0! | K50: =ROUNDUP(POWER(G50*$P$5/$Q$5,2),0) -> #DIV/0! | L50: =B50 & " ± " & (ROUNDUP(I50, 3)) -> ± 0
A51: =A50+1 -> 49 | D51: =POWER(C51/($O$5-1),0.5) -> 0 | E51: =B51+3*D51 -> 0 | F51: =B51-3*D51 -> 0 | G51: =D51/B51*100 -> #DIV/0! | H51: =D51/POWER($O$5, 0.5) -> 0 | I51: =H51*$P$5 -> 0 | J51: =I51/B51*100 -> #DIV/0! | K51: =ROUNDUP(POWER(G51*$P$5/$Q$5,2),0) -> #DIV/0! | L51: =B51 & " ± " & (ROUNDUP(I51, 3)) -> ± 0
A52: =A51+1 -> 50 | D52: =POWER(C52/($O$5-1),0.5) -> 0 | E52: =B52+3*D52 -> 0 | F52: =B52-3*D52 -> 0 | G52: =D52/B52*100 -> #DIV/0! | H52: =D52/POWER($O$5, 0.5) -> 0 | I52: =H52*$P$5 -> 0 | J52: =I52/B52*100 -> #DIV/0! | K52: =ROUNDUP(POWER(G52*$P$5/$Q$5,2),0) -> #DIV/0! | L52: =B52 & " ± " & (ROUNDUP(I52, 3)) -> ± 0
A53: =A52+1 -> 51 | B53: 3380 | C53: 74400 | D53: =POWER(C53/($O$5-1),0.5) -> 50.650935 | E53: =B53+3*D53 -> 3531.9528 | F53: =B53-3*D53 -> 3228.0472 | G53: =D53/B53*100 -> 1.4985484 | H53: =D53/POWER($O$5, 0.5) -> 9.2475533 | I53: =H53*$P$5 -> 18.495107 | J53: =I53/B53*100 -> 0.5471925 | K53: =ROUNDUP(POWER(G53*$P$5/$Q$5,2),0) -> 1 | L53: =B53 & " ± " & (ROUNDUP(I53, 3)) -> 3380 ± 18,496
A54: =A53+1 -> 52 | B54: 3352 | C54: 98800 | D54: =POWER(C54/($O$5-1),0.5) -> 58.368626 | E54: =B54+3*D54 -> 3527.1059 | F54: =B54-3*D54 -> 3176.8941 | G54: =D54/B54*100 -> 1.7413075 | H54: =D54/POWER($O$5, 0.5) -> 10.656604 | I54: =H54*$P$5 -> 21.313209 | J54: =I54/B54*100 -> 0.63583559 | K54: =ROUNDUP(POWER(G54*$P$5/$Q$5,2),0) -> 1 | L54: =B54 & " ± " & (ROUNDUP(I54, 3)) -> 3352 ± 21,314
A55: =A54+1 -> 53 | D55: =POWER(C55/($O$5-1),0.5) -> 0 | E55: =B55+3*D55 -> 0 | F55: =B55-3*D55 -> 0 | G55: =D55/B55*100 -> #DIV/0! | H55: =D55/POWER($O$5, 0.5) -> 0 | I55: =H55*$P$5 -> 0 | J55: =I55/B55*100 -> #DIV/0! | K55: =ROUNDUP(POWER(G55*$P$5/$Q$5,2),0) -> #DIV/0! | L55: =B55 & " ± " & (ROUNDUP(I55, 3)) -> ± 0
A56: =A55+1 -> 54 | D56: =POWER(C56/($O$5-1),0.5) -> 0 | E56: =B56+3*D56 -> 0 | F56: =B56-3*D56 -> 0 | G56: =D56/B56*100 -> #DIV/0! | H56: =D56/POWER($O$5, 0.5) -> 0 | I56: =H56*$P$5 -> 0 | J56: =I56/B56*100 -> #DIV/0! | K56: =ROUNDUP(POWER(G56*$P$5/$Q$5,2),0) -> #DIV/0! | L56: =B56 & " ± " & (ROUNDUP(I56, 3)) -> ± 0
A57: =A56+1 -> 55 | D57: =POWER(C57/($O$5-1),0.5) -> 0 | E57: =B57+3*D57 -> 0 | F57: =B57-3*D57 -> 0 | G57: =D57/B57*100 -> #DIV/0! | H57: =D57/POWER($O$5, 0.5) -> 0 | I57: =H57*$P$5 -> 0 | J57: =I57/B57*100 -> #DIV/0! | K57: =ROUNDUP(POWER(G57*$P$5/$Q$5,2),0) -> #DIV/0! | L57: =B57 & " ± " & (ROUNDUP(I57, 3)) -> ± 0
A58: =A57+1 -> 56 | B58: 3374 | C58: 105720 | D58: =POWER(C58/($O$5-1),0.5) -> 60.378119 | E58: =B58+3*D58 -> 3555.1344 | F58: =B58-3*D58 -> 3192.8656 | G58: =D58/B58*100 -> 1.7895115 | H58: =D58/POWER($O$5, 0.5) -> 11.023486 | I58: =H58*$P$5 -> 22.046972 | J58: =I58/B58*100 -> 0.65343722 | K58: =ROUNDUP(POWER(G58*$P$5/$Q$5,2),0) -> 1 | L58: =B58 & " ± " & (ROUNDUP(I58, 3)) -> 3374 ± 22,047
A59: =A58+1 -> 57 | B59: 3358 | C59: 161880 | D59: =POWER(C59/($O$5-1),0.5) -> 74.713245 | E59: =B59+3*D59 -> 3582.1397 | F59: =B59-3*D59 -> 3133.8603 | G59: =D59/B59*100 -> 2.2249328 | H59: =D59/POWER($O$5, 0.5) -> 13.64071 | I59: =H59*$P$5 -> 27.28142 | J59: =I59/B59*100 -> 0.81243061 | K59: =ROUNDUP(POWER(G59*$P$5/$Q$5,2),0) -> 1 | L59: =B59 & " ± " & (ROUNDUP(I59, 3)) -> 3358 ± 27,282
A60: =A59+1 -> 58 | D60: =POWER(C60/($O$5-1),0.5) -> 0 | E60: =B60+3*D60 -> 0 | F60: =B60-3*D60 -> 0 | G60: =D60/B60*100 -> #DIV/0! | H60: =D60/POWER($O$5, 0.5) -> 0 | I60: =H60*$P$5 -> 0 | J60: =I60/B60*100 -> #DIV/0! | K60: =ROUNDUP(POWER(G60*$P$5/$Q$5,2),0) -> #DIV/0! | L60: =B60 & " ± " & (ROUNDUP(I60, 3)) -> ± 0
A61: =A60+1 -> 59 | D61: =POWER(C61/($O$5-1),0.5) -> 0 | E61: =B61+3*D61 -> 0 | F61: =B61-3*D61 -> 0 | G61: =D61/B61*100 -> #DIV/0! | H61: =D61/POWER($O$5, 0.5) -> 0 | I61: =H61*$P$5 -> 0 | J61: =I61/B61*100 -> #DIV/0! | K61: =ROUNDUP(POWER(G61*$P$5/$Q$5,2),0) -> #DIV/0! | L61: =B61 & " ± " & (ROUNDUP(I61, 3)) -> ± 0
A62: =A61+1 -> 60 | D62: =POWER(C62/($O$5-1),0.5) -> 0 | E62: =B62+3*D62 -> 0 | F62: =B62-3*D62 -> 0 | G62: =D62/B62*100 -> #DIV/0! | H62: =D62/POWER($O$5, 0.5) -> 0 | I62: =H62*$P$5 -> 0 | J62: =I62/B62*100 -> #DIV/0! | K62: =ROUNDUP(POWER(G62*$P$5/$Q$5,2),0) -> #DIV/0! | L62: =B62 & " ± " & (ROUNDUP(I62, 3)) -> ± 0
A63: =A62+1 -> 61 | B63: 3398 | C63: 46680 | D63: =POWER(C63/($O$5-1),0.5) -> 40.120508 | E63: =B63+3*D63 -> 3518.3615 | F63: =B63-3*D63 -> 3277.6385 | G63: =D63/B63*100 -> 1.1807095 | H63: =D63/POWER($O$5, 0.5) -> 7.3249691 | I63: =H63*$P$5 -> 14.649938 | J63: =I63/B63*100 -> 0.43113414 | K63: =ROUNDUP(POWER(G63*$P$5/$Q$5,2),0) -> 1 | L63: =B63 & " ± " & (ROUNDUP(I63, 3)) -> 3398 ± 14,65
A64: =A63+1 -> 62 | D64: =POWER(C64/($O$5-1),0.5) -> 0 | E64: =B64+3*D64 -> 0 | F64: =B64-3*D64 -> 0 | G64: =D64/B64*100 -> #DIV/0! | H64: =D64/POWER($O$5, 0.5) -> 0 | I64: =H64*$P$5 -> 0 | J64: =I64/B64*100 -> #DIV/0! | K64: =ROUNDUP(POWER(G64*$P$5/$Q$5,2),0) -> #DIV/0! | L64: =B64 & " ± " & (ROUNDUP(I64, 3)) -> ± 0
A65: =A64+1 -> 63 | D65: =POWER(C65/($O$5-1),0.5) -> 0 | E65: =B65+3*D65 -> 0 | F65: =B65-3*D65 -> 0 | G65: =D65/B65*100 -> #DIV/0! | H65: =D65/POWER($O$5, 0.5) -> 0 | I65: =H65*$P$5 -> 0 | J65: =I65/B65*100 -> #DIV/0! | K65: =ROUNDUP(POWER(G65*$P$5/$Q$5,2),0) -> #DIV/0! | L65: =B65 & " ± " & (ROUNDUP(I65, 3)) -> ± 0
A66: =A65+1 -> 64 | D66: =POWER(C66/($O$5-1),0.5) -> 0 | E66: =B66+3*D66 -> 0 | F66: =B66-3*D66 -> 0 | G66: =D66/B66*100 -> #DIV/0! | H66: =D66/POWER($O$5, 0.5) -> 0 | I66: =H66*$P$5 -> 0 | J66: =I66/B66*100 -> #DIV/0! | K66: =ROUNDUP(POWER(G66*$P$5/$Q$5,2),0) -> #DIV/0! | L66: =B66 & " ± " & (ROUNDUP(I66, 3)) -> ± 0
A67: =A66+1 -> 65 | D67: =POWER(C67/($O$5-1),0.5) -> 0 | E67: =B67+3*D67 -> 0 | F67: =B67-3*D67 -> 0 | G67: =D67/B67*100 -> #DIV/0! | H67: =D67/POWER($O$5, 0.5) -> 0 | I67: =H67*$P$5 -> 0 | J67: =I67/B67*100 -> #DIV/0! | K67: =ROUNDUP(POWER(G67*$P$5/$Q$5,2),0) -> #DIV/0! | L67: =B67 & " ± " & (ROUNDUP(I67, 3)) -> ± 0
A68: =A67+1 -> 66 | B68: 3360 | C68: 136800 | D68: =POWER(C68/($O$5-1),0.5) -> 68.682177 | E68: =B68+3*D68 -> 3566.0465 | F68: =B68-3*D68 -> 3153.9535 | G68: =D68/B68*100 -> 2.0441124 | H68: =D68/POWER($O$5, 0.5) -> 12.539592 | I68: =H68*$P$5 -> 25.079185 | J68: =I68/B68*100 -> 0.74640431 | K68: =ROUNDUP(POWER(G68*$P$5/$Q$5,2),0) -> 1 | L68: =B68 & " ± " & (ROUNDUP(I68, 3)) -> 3360 ± 25,08
A69: =A68+1 -> 67 | D69: =POWER(C69/($O$5-1),0.5) -> 0 | E69: =B69+3*D69 -> 0 | F69: =B69-3*D69 -> 0 | G69: =D69/B69*100 -> #DIV/0! | H69: =D69/POWER($O$5, 0.5) -> 0 | I69: =H69*$P$5 -> 0 | J69: =I69/B69*100 -> #DIV/0! | K69: =ROUNDUP(POWER(G69*$P$5/$Q$5,2),0) -> #DIV/0! | L69: =B69 & " ± " & (ROUNDUP(I69, 3)) -> ± 0
A70: =A69+1 -> 68 | D70: =POWER(C70/($O$5-1),0.5) -> 0 | E70: =B70+3*D70 -> 0 | F70: =B70-3*D70 -> 0 | G70: =D70/B70*100 -> #DIV/0! | H70: =D70/POWER($O$5, 0.5) -> 0 | I70: =H70*$P$5 -> 0 | J70: =I70/B70*100 -> #DIV/0! | K70: =ROUNDUP(POWER(G70*$P$5/$Q$5,2),0) -> #DIV/0! | L70: =B70 & " ± " & (ROUNDUP(I70, 3)) -> ± 0
A71: =A70+1 -> 69 | D71: =POWER(C71/($O$5-1),0.5) -> 0 | E71: =B71+3*D71 -> 0 | F71: =B71-3*D71 -> 0 | G71: =D71/B71*100 -> #DIV/0! | H71: =D71/POWER($O$5, 0.5) -> 0 | I71: =H71*$P$5 -> 0 | J71: =I71/B71*100 -> #DIV/0! | K71: =ROUNDUP(POWER(G71*$P$5/$Q$5,2),0) -> #DIV/0! | L71: =B71 & " ± " & (ROUNDUP(I71, 3)) -> ± 0
A72: =A71+1 -> 70 | D72: =POWER(C72/($O$5-1),0.5) -> 0 | E72: =B72+3*D72 -> 0 | F72: =B72-3*D72 -> 0 | G72: =D72/B72*100 -> #DIV/0! | H72: =D72/POWER($O$5, 0.5) -> 0 | I72: =H72*$P$5 -> 0 | J72: =I72/B72*100 -> #DIV/0! | K72: =ROUNDUP(POWER(G72*$P$5/$Q$5,2),0) -> #DIV/0! | L72: =B72 & " ± " & (ROUNDUP(I72, 3)) -> ± 0
A73: =A72+1 -> 71 | B73: 3374 | C73: 112920 | D73: =POWER(C73/($O$5-1),0.5) -> 62.400265 | E73: =B73+3*D73 -> 3561.2008 | F73: =B73-3*D73 -> 3186.7992 | G73: =D73/B73*100 -> 1.8494447 | H73: =D73/POWER($O$5, 0.5) -> 11.392678 | I73: =H73*$P$5 -> 22.785355 | J73: =I73/B73*100 -> 0.67532173 | K73: =ROUNDUP(POWER(G73*$P$5/$Q$5,2),0) -> 1 | L73: =B73 & " ± " & (ROUNDUP(I73, 3)) -> 3374 ± 22,786
A74: =A73+1 -> 72 | D74: =POWER(C74/($O$5-1),0.5) -> 0 | E74: =B74+3*D74 -> 0 | F74: =B74-3*D74 -> 0 | G74: =D74/B74*100 -> #DIV/0! | H74: =D74/POWER($O$5, 0.5) -> 0 | I74: =H74*$P$5 -> 0 | J74: =I74/B74*100 -> #DIV/0! | K74: =ROUNDUP(POWER(G74*$P$5/$Q$5,2),0) -> #DIV/0! | L74: =B74 & " ± " & (ROUNDUP(I74, 3)) -> ± 0
A75: =A74+1 -> 73 | D75: =POWER(C75/($O$5-1),0.5) -> 0 | E75: =B75+3*D75 -> 0 | F75: =B75-3*D75 -> 0 | G75: =D75/B75*100 -> #DIV/0! | H75: =D75/POWER($O$5, 0.5) -> 0 | I75: =H75*$P$5 -> 0 | J75: =I75/B75*100 -> #DIV/0! | K75: =ROUNDUP(POWER(G75*$P$5/$Q$5,2),0) -> #DIV/0! | L75: =B75 & " ± " & (ROUNDUP(I75, 3)) -> ± 0
A76: =A75+1 -> 74 | D76: =POWER(C76/($O$5-1),0.5) -> 0 | E76: =B76+3*D76 -> 0 | F76: =B76-3*D76 -> 0 | G76: =D76/B76*100 -> #DIV/0! | H76: =D76/POWER($O$5, 0.5) -> 0 | I76: =H76*$P$5 -> 0 | J76: =I76/B76*100 -> #DIV/0! | K76: =ROUNDUP(POWER(G76*$P$5/$Q$5,2),0) -> #DIV/0! | L76: =B76 & " ± " & (ROUNDUP(I76, 3)) -> ± 0
A77: =A76+1 -> 75 | D77: =POWER(C77/($O$5-1),0.5) -> 0 | E77: =B77+3*D77 -> 0 | F77: =B77-3*D77 -> 0 | G77: =D77/B77*100 -> #DIV/0! | H77: =D77/POWER($O$5, 0.5) -> 0 | I77: =H77*$P$5 -> 0 | J77: =I77/B77*100 -> #DIV/0! | K77: =ROUNDUP(POWER(G77*$P$5/$Q$5,2),0) -> #DIV/0! | L77: =B77 & " ± " & (ROUNDUP(I77, 3)) -> ± 0
A78: =A77+1 -> 76 | B78: 3374 | C78: 112920 | D78: =POWER(C78/($O$5-1),0.5) -> 62.400265 | E78: =B78+3*D78 -> 3561.2008 | F78: =B78-3*D78 -> 3186.7992 | G78: =D78/B78*100 -> 1.8494447 | H78: =D78/POWER($O$5, 0.5) -> 11.392678 | I78: =H78*$P$5 -> 22.785355 | J78: =I78/B78*100 -> 0.67532173 | K78: =ROUNDUP(POWER(G78*$P$5/$Q$5,2),0) -> 1 | L78: =B78 & " ± " & (ROUNDUP(I78, 3)) -> 3374 ± 22,786
D79: =POWER(C79/($O$5-1),0.5) -> 0 | E79: =B79+3*D79 -> 0 | F79: =B79-3*D79 -> 0 | G79: =D79/B79*100 -> #DIV/0! | H79: =D79/POWER($O$5, 0.5) -> 0 | I79: =H79*$P$5 -> 0 | J79: =I79/B79*100 -> #DIV/0! | K79: =ROUNDUP(POWER(G79*$P$5/$Q$5,2),0) -> #DIV/0! | L79: =B79 & " ± " & (ROUNDUP(I79, 3)) -> ± 0
A81: Спец. 1 | B81: 3418 | C81: 3480 | D81: =POWER(C81/($O$5-1),0.5) -> 10.954451 | E81: =B81+3*D81 -> 3450.8634 | F81: =B81-3*D81 -> 3385.1366 | G81: =D81/B81*100 -> 0.32049301 | H81: =D81/POWER($O$5, 0.5) -> 2 | I81: =H81*$P$5 -> 4 | J81: =I81/B81*100 -> 0.1170275 | K81: =ROUNDUP(POWER(G81*$P$5/$Q$5,2),0) -> 1 | L81: =B81 & " ± " & (ROUNDUP(I81, 3)) -> 3418 ± 4
A82: Спец. 2 | B82: 3420 | C82: 0 | D82: =POWER(C82/($O$5-1),0.5) -> 0 | E82: =B82+3*D82 -> 3420 | F82: =B82-3*D82 -> 3420 | G82: =D82/B82*100 -> 0 | H82: =D82/POWER($O$5, 0.5) -> 0 | I82: =H82*$P$5 -> 0 | J82: =I82/B82*100 -> 0 | K82: =ROUNDUP(POWER(G82*$P$5/$Q$5,2),0) -> 0 | L82: =B82 & " ± " & (ROUNDUP(I82, 3)) -> 3420 ± 0
A83: Спец. 3 | B83: 3036 | C83: 4201920 | D83: =POWER(C83/($O$5-1),0.5) -> 380.64917 | E83: =B83+3*D83 -> 4177.9475 | F83: =B83-3*D83 -> 1894.0525 | G83: =D83/B83*100 -> 12.537852 | H83: =D83/POWER($O$5, 0.5) -> 69.496713 | I83: =H83*$P$5 -> 138.99343 | J83: =I83/B83*100 -> 4.5781761 | K83: =ROUNDUP(POWER(G83*$P$5/$Q$5,2),0) -> 26 | L83: =B83 & " ± " & (ROUNDUP(I83, 3)) -> 3036 ± 138,994
A84: Спец. 4 | B84: 3036 | C84: 4194720 | D84: =POWER(C84/($O$5-1),0.5) -> 380.32291 | E84: =B84+3*D84 -> 4176.9687 | F84: =B84-3*D84 -> 1895.0313 | G84: =D84/B84*100 -> 12.527105 | H84: =D84/POWER($O$5, 0.5) -> 69.437146 | I84: =H84*$P$5 -> 138.87429 | J84: =I84/B84*100 -> 4.574252 | K84: =ROUNDUP(POWER(G84*$P$5/$Q$5,2),0) -> 26 | L84: =B84 & " ± " & (ROUNDUP(I84, 3)) -> 3036 ± 138,875
A85: Спец. 5 | B85: 3316 | C85: 445920 | D85: =POWER(C85/($O$5-1),0.5) -> 124.00222 | E85: =B85+3*D85 -> 3688.0067 | F85: =B85-3*D85 -> 2943.9933 | G85: =D85/B85*100 -> 3.7395122 | H85: =D85/POWER($O$5, 0.5) -> 22.639605 | I85: =H85*$P$5 -> 45.27921 | J85: =I85/B85*100 -> 1.3654768 | K85: =ROUNDUP(POWER(G85*$P$5/$Q$5,2),0) -> 3 | L85: =B85 & " ± " & (ROUNDUP(I85, 3)) -> 3316 ± 45,28
A86: Спец. 6 | B86: 3326 | C86: 307320 | D86: =POWER(C86/($O$5-1),0.5) -> 102.9429 | E86: =B86+3*D86 -> 3634.8287 | F86: =B86-3*D86 -> 3017.1713 | G86: =D86/B86*100 -> 3.0950963 | H86: =D86/POWER($O$5, 0.5) -> 18.794717 | I86: =H86*$P$5 -> 37.589434 | J86: =I86/B86*100 -> 1.1301694 | K86: =ROUNDUP(POWER(G86*$P$5/$Q$5,2),0) -> 2 | L86: =B86 & " ± " & (ROUNDUP(I86, 3)) -> 3326 ± 37,59
A87: Спец. 7 | B87: 2960 | C87: 4041600 | D87: =POWER(C87/($O$5-1),0.5) -> 373.31691 | E87: =B87+3*D87 -> 4079.9507 | F87: =B87-3*D87 -> 1840.0493 | G87: =D87/B87*100 -> 12.612058 | H87: =D87/POWER($O$5, 0.5) -> 68.158031 | I87: =H87*$P$5 -> 136.31606 | J87: =I87/B87*100 -> 4.6052724 | K87: =ROUNDUP(POWER(G87*$P$5/$Q$5,2),0) -> 26 | L87: =B87 & " ± " & (ROUNDUP(I87, 3)) -> 2960 ± 136,317
A88: Спец. 8 | B88: 2504 | C88: 14017920 | D88: =POWER(C88/($O$5-1),0.5) -> 695.25287 | E88: =B88+3*D88 -> 4589.7586 | F88: =B88-3*D88 -> 418.24139 | G88: =D88/B88*100 -> 27.76569 | H88: =D88/POWER($O$5, 0.5) -> 126.93523 | I88: =H88*$P$5 -> 253.87045 | J88: =I88/B88*100 -> 10.138596 | K88: =ROUNDUP(POWER(G88*$P$5/$Q$5,2),0) -> 124 | L88: =B88 & " ± " & (ROUNDUP(I88, 3)) -> 2504 ± 253,871
B92: 3036 | C92: 4194720

Sheet Tв_23
A1: Серия экспериментов\статистика | B1: y_ср [м.е.] | C1: Σ((Δyi)^2) [м.е.^2] | D1: σ [м.е.] | E1: y_ср+3*σ [м.е.] | F1: y_ср-3*σ [м.е.] | G1: kв [%] | H1: σ0 [м.е.] | I1: Δy [м.е.] | J1: δy [%] | K1: N_мин | L1: y_ист [м.е.]
A3: 1 | B3: 2 | C3: 3480 | D3: =POWER(C3/($O$5-1),0.5) -> 10.954451 | E3: =B3+3*D3 -> 34.863353 | F3: =B3-3*D3 -> -30.863353 | G3: =D3/B3*100 -> 547.72256 | H3: =D3/POWER($O$5, 0.5) -> 2 | I3: =H3*$P$5 -> 4 | J3: =I3/B3*100 -> 200 | K3: =ROUNDUP(POWER(G3*$P$5/$Q$5,2),0) -> 48000 | L3: =B3 & " ± " & (ROUNDUP(I3, 3)) -> 2 ± 4
A4: =A3+1 -> 2 | D4: =POWER(C4/($O$5-1),0.5) -> 0 | E4: =B4+3*D4 -> 0 | F4: =B4-3*D4 -> 0 | G4: =D4/B4*100 -> #DIV/0! | H4: =D4/POWER($O$5, 0.5) -> 0 | I4: =H4*$P$5 -> 0 | J4: =I4/B4*100 -> #DIV/0! | K4: =ROUNDUP(POWER(G4*$P$5/$Q$5,2),0) -> #DIV/0! | L4: =B4 & " ± " & (ROUNDUP(I4, 3)) -> ± 0 | N4: p | O4: N | P4: t_pN | Q4: Δ [%]
A5: =A4+1 -> 3 | D5: =POWER(C5/($O$5-1),0.5) -> 0 | E5: =B5+3*D5 -> 0 | F5: =B5-3*D5 -> 0 | G5: =D5/B5*100 -> #DIV/0! | H5: =D5/POWER($O$5, 0.5) -> 0 | I5: =H5*$P$5 -> 0 | J5: =I5/B5*100 -> #DIV/0! | K5: =ROUNDUP(POWER(G5*$P$5/$Q$5,2),0) -> #DIV/0! | L5: =B5 & " ± " & (ROUNDUP(I5, 3)) -> ± 0 | N5: 0.95 | O5: 30 | P5: 2 | Q5: 5
A6: =A5+1 -> 4 | D6: =POWER(C6/($O$5-1),0.5) -> 0 | E6: =B6+3*D6 -> 0 | F6: =B6-3*D6 -> 0 | G6: =D6/B6*100 -> #DIV/0! | H6: =D6/POWER($O$5, 0.5) -> 0 | I6: =H6*$P$5 -> 0 | J6: =I6/B6*100 -> #DIV/0! | K6: =ROUNDUP(POWER(G6*$P$5/$Q$5,2),0) -> #DIV/0! | L6: =B6 & " ± " & (ROUNDUP(I6, 3)) -> ± 0
A7: =A6+1 -> 5 | D7: =POWER(C7/($O$5-1),0.5) -> 0 | E7: =B7+3*D7 -> 0 | F7: =B7-3*D7 -> 0 | G7: =D7/B7*100 -> #DIV/0! | H7: =D7/POWER($O$5, 0.5) -> 0 | I7: =H7*$P$5 -> 0 | J7: =I7/B7*100 -> #DIV/0! | K7: =ROUNDUP(POWER(G7*$P$5/$Q$5,2),0) -> #DIV/0! | L7: =B7 & " ± " & (ROUNDUP(I7, 3)) -> ± 0
A8: =A7+1 -> 6 | B8: 10 | C8: 29400 | D8: =POWER(C8/($O$5-1),0.5) -> 31.840118 | E8: =B8+3*D8 -> 105.52035 | F8: =B8-3*D8 -> -85.520353 | G8: =D8/B8*100 -> 318.40118 | H8: =D8/POWER($O$5, 0.5) -> 5.8131836 | I8: =H8*$P$5 -> 11.626367 | J8: =I8/B8*100 -> 116.26367 | K8: =ROUNDUP(POWER(G8*$P$5/$Q$5,2),0) -> 16221 | L8: =B8 & " ± " & (ROUNDUP(I8, 3)) -> 10 ± 11,627
A9: =A8+1 -> 7 | D9: =POWER(C9/($O$5-1),0.5) -> 0 | E9: =B9+3*D9 -> 0 | F9: =B9-3*D9 -> 0 | G9: =D9/B9*100 -> #DIV/0! | H9: =D9/POWER($O$5, 0.5) -> 0 | I9: =H9*$P$5 -> 0 | J9: =I9/B9*100 -> #DIV/0! | K9: =ROUNDUP(POWER(G9*$P$5/$Q$5,2),0) -> #DIV/0! | L9: =B9 & " ± " & (ROUNDUP(I9, 3)) -> ± 0
A10: =A9+1 -> 8 | D10: =POWER(C10/($O$5-1),0.5) -> 0 | E10: =B10+3*D10 -> 0 | F10: =B10-3*D10 -> 0 | G10: =D10/B10*100 -> #DIV/0! | H10: =D10/POWER($O$5, 0.5) -> 0 | I10: =H10*$P$5 -> 0 | J10: =I10/B10*100 -> #DIV/0! | K10: =ROUNDUP(POWER(G10*$P$5/$Q$5,2),0) -> #DIV/0! | L10: =B10 & " ± " & (ROUNDUP(I10, 3)) -> ± 0
A11: =A10+1 -> 9 | D11: =POWER(C11/($O$5-1),0.5) -> 0 | E11: =B11+3*D11 -> 0 | F11: =B11-3*D11 -> 0 | G11: =D11/B11*100 -> #DIV/0! | H11: =D11/POWER($O$5, 0.5) -> 0 | I11: =H11*$P$5 -> 0 | J11: =I11/B11*100 -> #DIV/0! | K11: =ROUNDUP(POWER(G11*$P$5/$Q$5,2),0) -> #DIV/0! | L11: =B11 & " ± " & (ROUNDUP(I11, 3)) -> ± 0
A12: =A11+1 -> 10 | D12: =POWER(C12/($O$5-1),0.5) -> 0 | E12: =B12+3*D12 -> 0 | F12: =B12-3*D12 -> 0 | G12: =D12/B12*100 -> #DIV/0! | H12: =D12/POWER($O$5, 0.5) -> 0 | I12: =H12*$P$5 -> 0 | J12: =I12/B12*100 -> #DIV/0! | K12: =ROUNDUP(POWER(G12*$P$5/$Q$5,2),0) -> #DIV/0! | L12: =B12 & " ± " & (ROUNDUP(I12, 3)) -> ± 0
A13: =A12+1 -> 11 | B13: 4 | C13: 13920 | D13: =POWER(C13/($O$5-1),0.5) -> 21.908902 | E13: =B13+3*D13 -> 69.726707 | F13: =B13-3*D13 -> -61.726707 | G13: =D13/B13*100 -> 547.72256 | H13: =D13/POWER($O$5, 0.5) -> 4 | I13: =H13*$P$5 -> 8 | J13: =I13/B13*100 -> 200 | K13: =ROUNDUP(POWER(G13*$P$5/$Q$5,2),0) -> 48000 | L13: =B13 & " ± " & (ROUNDUP(I13, 3)) -> 4 ± 8
A14: =A13+1 -> 12 | D14: =POWER(C14/($O$5-1),0.5) -> 0 | E14: =B14+3*D14 -> 0 | F14: =B14-3*D14 -> 0 | G14: =D14/B14*100 -> #DIV/0! | H14: =D14/POWER($O$5, 0.5) -> 0 | I14: =H14*$P$5 -> 0 | J14: =I14/B14*100 -> #DIV/0! | K14: =ROUNDUP(POWER(G14*$P$5/$Q$5,2),0) -> #DIV/0! | L14: =B14 & " ± " & (ROUNDUP(I14, 3)) -> ± 0
A15: =A14+1 -> 13 | D15: =POWER(C15/($O$5-1),0.5) -> 0 | E15: =B15+3*D15 -> 0 | F15: =B15-3*D15 -> 0 | G15: =D15/B15*100 -> #DIV/0! | H15: =D15/POWER($O$5, 0.5) -> 0 | I15: =H15*$P$5 -> 0 | J15: =I15/B15*100 -> #DIV/0! | K15: =ROUNDUP(POWER(G15*$P$5/$Q$5,2),0) -> #DIV/0! | L15: =B15 & " ± " & (ROUNDUP(I15, 3)) -> ± 0
A16: =A15+1 -> 14 | D16: =POWER(C16/($O$5-1),0.5) -> 0 | E16: =B16+3*D16 -> 0 | F16: =B16-3*D16 -> 0 | G16: =D16/B16*100 -> #DIV/0! | H16: =D16/POWER($O$5, 0.5) -> 0 | I16: =H16*$P$5 -> 0 | J16: =I16/B16*100 -> #DIV/0! | K16: =ROUNDUP(POWER(G16*$P$5/$Q$5,2),0) -> #DIV/0! | L16: =B16 & " ± " & (ROUNDUP(I16, 3)) -> ± 0
A17: =A16+1 -> 15 | D17: =POWER(C17/($O$5-1),0.5) -> 0 | E17: =B17+3*D17 -> 0 | F17: =B17-3*D17 -> 0 | G17: =D17/B17*100 -> #DIV/0! | H17: =D17/POWER($O$5, 0.5) -> 0 | I17: =H17*$P$5 -> 0 | J17: =I17/B17*100 -> #DIV/0! | K17: =ROUNDUP(POWER(G17*$P$5/$Q$5,2),0) -> #DIV/0! | L17: =B17 & " ± " & (ROUNDUP(I17, 3)) -> ± 0
A18: =A17+1 -> 16 | B18: 108 | C18: 146880 | D18: =POWER(C18/($O$5-1),0.5) -> 71.167602 | E18: =B18+3*D18 -> 321.50281 | F18: =B18-3*D18 -> -105.50281 | G18: =D18/B18*100 -> 65.895928 | H18: =D18/POWER($O$5, 0.5) -> 12.993367 | I18: =H18*$P$5 -> 25.986734 | J18: =I18/B18*100 -> 24.061791 | K18: =ROUNDUP(POWER(G18*$P$5/$Q$5,2),0) -> 695 | L18: =B18 & " ± " & (ROUNDUP(I18, 3)) -> 108 ± 25,987
A19: =A18+1 -> 17 | D19: =POWER(C19/($O$5-1),0.5) -> 0 | E19: =B19+3*D19 -> 0 | F19: =B19-3*D19 -> 0 | G19: =D19/B19*100 -> #DIV/0! | H19: =D19/POWER($O$5, 0.5) -> 0 | I19: =H19*$P$5 -> 0 | J19: =I19/B19*100 -> #DIV/0! | K19: =ROUNDUP(POWER(G19*$P$5/$Q$5,2),0) -> #DIV/0! | L19: =B19 & " ± " & (ROUNDUP(I19, 3)) -> ± 0
A20: =A19+1 -> 18 | D20: =POWER(C20/($O$5-1),0.5) -> 0 | E20: =B20+3*D20 -> 0 | F20: =B20-3*D20 -> 0 | G20: =D20/B20*100 -> #DIV/0! | H20: =D20/POWER($O$5, 0.5) -> 0 | I20: =H20*$P$5 -> 0 | J20: =I20/B20*100 -> #DIV/0! | K20: =ROUNDUP(POWER(G20*$P$5/$Q$5,2),0) -> #DIV/0! | L20: =B20 & " ± " & (ROUNDUP(I20, 3)) -> ± 0
A21: =A20+1 -> 19 | D21: =POWER(C21/($O$5-1),0.5) -> 0 | E21: =B21+3*D21 -> 0 | F21: =B21-3*D21 -> 0 | G21: =D21/B21*100 -> #DIV/0! | H21: =D21/POWER($O$5, 0.5) -> 0 | I21: =H21*$P$5 -> 0 | J21: =I21/B21*100 -> #DIV/0! | K21: =ROUNDUP(POWER(G21*$P$5/$Q$5,2),0) -> #DIV/0! | L21: =B21 & " ± " & (ROUNDUP(I21, 3)) -> ± 0
A22: =A21+1 -> 20 | D22: =POWER(C22/($O$5-1),0.5) -> 0 | E22: =B22+3*D22 -> 0 | F22: =B22-3*D22 -> 0 | G22: =D22/B22*100 -> #DIV/0! | H22: =D22/POWER($O$5, 0.5) -> 0 | I22: =H22*$P$5 -> 0 | J22: =I22/B22*100 -> #DIV/0! | K22: =ROUNDUP(POWER(G22*$P$5/$Q$5,2),0) -> #DIV/0! | L22: =B22 & " ± " & (ROUNDUP(I22, 3)) -> ± 0
A23: =A22+1 -> 21 | B23: 34 | C23: 62520 | D23: =POWER(C23/($O$5-1),0.5) -> 46.431262 | E23: =B23+3*D23 -> 173.29379 | F23: =B23-3*D23 -> -105.29379 | G23: =D23/B23*100 -> 136.56253 | H23: =D23/POWER($O$5, 0.5) -> 8.4771498 | I23: =H23*$P$5 -> 16.9543 | J23: =I23/B23*100 -> 49.865587 | K23: =ROUNDUP(POWER(G23*$P$5/$Q$5,2),0) -> 2984 | L23: =B23 & " ± " & (ROUNDUP(I23, 3)) -> 34 ± 16,955
A24: =A23+1 -> 22 | D24: =POWER(C24/($O$5-1),0.5) -> 0 | E24: =B24+3*D24 -> 0 | F24: =B24-3*D24 -> 0 | G24: =D24/B24*100 -> #DIV/0! | H24: =D24/POWER($O$5, 0.5) -> 0 | I24: =H24*$P$5 -> 0 | J24: =I24/B24*100 -> #DIV/0! | K24: =ROUNDUP(POWER(G24*$P$5/$Q$5,2),0) -> #DIV/0! | L24: =B24 & " ± " & (ROUNDUP(I24, 3)) -> ± 0
A25: =A24+1 -> 23 | D25: =POWER(C25/($O$5-1),0.5) -> 0 | E25: =B25+3*D25 -> 0 | F25: =B25-3*D25 -> 0 | G25: =D25/B25*100 -> #DIV/0! | H25: =D25/POWER($O$5, 0.5) -> 0 | I25: =H25*$P$5 -> 0 | J25: =I25/B25*100 -> #DIV/0! | K25: =ROUNDUP(POWER(G25*$P$5/$Q$5,2),0) -> #DIV/0! | L25: =B25 & " ± " & (ROUNDUP(I25, 3)) -> ± 0
A26: =A25+1 -> 24 | D26: =POWER(C26/($O$5-1),0.5) -> 0 | E26: =B26+3*D26 -> 0 | F26: =B26-3*D26 -> 0 | G26: =D26/B26*100 -> #DIV/0! | H26: =D26/POWER($O$5, 0.5) -> 0 | I26: =H26*$P$5 -> 0 | J26: =I26/B26*100 -> #DIV/0! | K26: =ROUNDUP(POWER(G26*$P$5/$Q$5,2),0) -> #DIV/0! | L26: =B26 & " ± " & (ROUNDUP(I26, 3)) -> ± 0
A27: =A26+1 -> 25 | D27: =POWER(C27/($O$5-1),0.5) -> 0 | E27: =B27+3*D27 -> 0 | F27: =B27-3*D27 -> 0 | G27: =D27/B27*100 -> #DIV/0! | H27: =D27/POWER($O$5, 0.5) -> 0 | I27: =H27*$P$5 -> 0 | J27: =I27/B27*100 -> #DIV/0! | K27: =ROUNDUP(POWER(G27*$P$5/$Q$5,2),0) -> #DIV/0! | L27: =B27 & " ± " & (ROUNDUP(I27, 3)) -> ± 0
A28: =A27+1 -> 26 | B28: 438 | C28: 1433880 | D28: =POWER(C28/($O$5-1),0.5) -> 222.36038 | E28: =B28+3*D28 -> 1105.0811 | F28: =B28-3*D28 -> -229.08114 | G28: =D28/B28*100 -> 50.76721 | H28: =D28/POWER($O$5, 0.5) -> 40.597265 | I28: =H28*$P$5 -> 81.19453 | J28: =I28/B28*100 -> 18.537564 | K28: =ROUNDUP(POWER(G28*$P$5/$Q$5,2),0) -> 413 | L28: =B28 & " ± " & (ROUNDUP(I28, 3)) -> 438 ± 81,195
A29: =A28+1 -> 27 | D29: =POWER(C29/($O$5-1),0.5) -> 0 | E29: =B29+3*D29 -> 0 | F29: =B29-3*D29 -> 0 | G29: =D29/B29*100 -> #DIV/0! | H29: =D29/POWER($O$5, 0.5) -> 0 | I29: =H29*$P$5 -> 0 | J29: =I29/B29*100 -> #DIV/0! | K29: =ROUNDUP(POWER(G29*$P$5/$Q$5,2),0) -> #DIV/0! | L29: =B29 & " ± " & (ROUNDUP(I29, 3)) -> ± 0
A30: =A29+1 -> 28 | D30: =POWER(C30/($O$5-1),0.5) -> 0 | E30: =B30+3*D30 -> 0 | F30: =B30-3*D30 -> 0 | G30: =D30/B30*100 -> #DIV/0! | H30: =D30/POWER($O$5, 0.5) -> 0 | I30: =H30*$P$5 -> 0 | J30: =I30/B30*100 -> #DIV/0! | K30: =ROUNDUP(POWER(G30*$P$5/$Q$5,2),0) -> #DIV/0! | L30: =B30 & " ± " & (ROUNDUP(I30, 3)) -> ± 0
A31: =A30+1 -> 29 | D31: =POWER(C31/($O$5-1),0.5) -> 0 | E31: =B31+3*D31 -> 0 | F31: =B31-3*D31 -> 0 | G31: =D31/B31*100 -> #DIV/0! | H31: =D31/POWER($O$5, 0.5) -> 0 | I31: =H31*$P$5 -> 0 | J31: =I31/B31*100 -> #DIV/0! | K31: =ROUNDUP(POWER(G31*$P$5/$Q$5,2),0) -> #DIV/0! | L31: =B31 & " ± " & (ROUNDUP(I31, 3)) -> ± 0
A32: =A31+1 -> 30 | D32: =POWER(C32/($O$5-1),0.5) -> 0 | E32: =B32+3*D32 -> 0 | F32: =B32-3*D32 -> 0 | G32: =D32/B32*100 -> #DIV/0! | H32: =D32/POWER($O$5, 0.5) -> 0 | I32: =H32*$P$5 -> 0 | J32: =I32/B32*100 -> #DIV/0! | K32: =ROUNDUP(POWER(G32*$P$5/$Q$5,2),0) -> #DIV/0! | L32: =B32 & " ± " & (ROUNDUP(I32, 3)) -> ± 0
A33: =A32+1 -> 31 | B33: 64 | C33: 78720 | D33: =POWER(C33/($O$5-1),0.5) -> 52.100698 | E33: =B33+3*D33 -> 220.30209 | F33: =B33-3*D33 -> -92.302095 | G33: =D33/B33*100 -> 81.407341 | H33: =D33/POWER($O$5, 0.5) -> 9.5122426 | I33: =H33*$P$5 -> 19.024485 | J33: =I33/B33*100 -> 29.725758 | K33: =ROUNDUP(POWER(G33*$P$5/$Q$5,2),0) -> 1061 | L33: =B33 & " ± " & (ROUNDUP(I33, 3)) -> 64 ± 19,025
A34: =A33+1 -> 32 | D34: =POWER(C34/($O$5-1),0.5) -> 0 | E34: =B34+3*D34 -> 0 | F34: =B34-3*D34 -> 0 | G34: =D34/B34*100 -> #DIV/0! | H34: =D34/POWER($O$5, 0.5) -> 0 | I34: =H34*$P$5 -> 0 | J34: =I34/B34*100 -> #DIV/0! | K34: =ROUNDUP(POWER(G34*$P$5/$Q$5,2),0) -> #DIV/0! | L34: =B34 & " ± " & (ROUNDUP(I34, 3)) -> ± 0
A35: =A34+1 -> 33 | D35: =POWER(C35/($O$5-1),0.5) -> 0 | E35: =B35+3*D35 -> 0 | F35: =B35-3*D35 -> 0 | G35: =D35/B35*100 -> #DIV/0! | H35: =D35/POWER($O$5, 0.5) -> 0 | I35: =H35*$P$5 -> 0 | J35: =I35/B35*100 -> #DIV/0! | K35: =ROUNDUP(POWER(G35*$P$5/$Q$5,2),0) -> #DIV/0! | L35: =B35 & " ± " & (ROUNDUP(I35, 3)) -> ± 0
A36: =A35+1 -> 34 | D36: =POWER(C36/($O$5-1),0.5) -> 0 | E36: =B36+3*D36 -> 0 | F36: =B36-3*D36 -> 0 | G36: =D36/B36*100 -> #DIV/0! | H36: =D36/POWER($O$5, 0.5) -> 0 | I36: =H36*$P$5 -> 0 | J36: =I36/B36*100 -> #DIV/0! | K36: =ROUNDUP(POWER(G36*$P$5/$Q$5,2),0) -> #DIV/0! | L36: =B36 & " ± " & (ROUNDUP(I36, 3)) -> ± 0
A37: =A36+1 -> 35 | D37: =POWER(C37/($O$5-1),0.5) -> 0 | E37: =B37+3*D37 -> 0 | F37: =B37-3*D37 -> 0 | G37: =D37/B37*100 -> #DIV/0! | H37: =D37/POWER($O$5, 0.5) -> 0 | I37: =H37*$P$5 -> 0 | J37: =I37/B37*100 -> #DIV/0! | K37: =ROUNDUP(POWER(G37*$P$5/$Q$5,2),0) -> #DIV/0! | L37: =B37 & " ± " & (ROUNDUP(I37, 3)) -> ± 0
A38: =A37+1 -> 36 | B38: 74 | C38: 69720 | D38: =POWER(C38/($O$5-1),0.5) -> 49.032009 | E38: =B38+3*D38 -> 221.09603 | F38: =B38-3*D38 -> -73.096028 | G38: =D38/B38*100 -> 66.259472 | H38: =D38/POWER($O$5, 0.5) -> 8.9519792 | I38: =H38*$P$5 -> 17.903958 | J38: =I38/B38*100 -> 24.194538 | K38: =ROUNDUP(POWER(G38*$P$5/$Q$5,2),0) -> 703 | L38: =B38 & " ± " & (ROUNDUP(I38, 3)) -> 74 ± 17,904
A39: =A38+1 -> 37 | D39: =POWER(C39/($O$5-1),0.5) -> 0 | E39: =B39+3*D39 -> 0 | F39: =B39-3*D39 -> 0 | G39: =D39/B39*100 -> #DIV/0! | H39: =D39/POWER($O$5, 0.5) -> 0 | I39: =H39*$P$5 -> 0 | J39: =I39/B39*100 -> #DIV/0! | K39: =ROUNDUP(POWER(G39*$P$5/$Q$5,2),0) -> #DIV/0! | L39: =B39 & " ± " & (ROUNDUP(I39, 3)) -> ± 0
A40: =A39+1 -> 38 | D40: =POWER(C40/($O$5-1),0.5) -> 0 | E40: =B40+3*D40 -> 0 | F40: =B40-3*D40 -> 0 | G40: =D40/B40*100 -> #DIV/0! | H40: =D40/POWER($O$5, 0.5) -> 0 | I40: =H40*$P$5 -> 0 | J40: =I40/B40*100 -> #DIV/0! | K40: =ROUNDUP(POWER(G40*$P$5/$Q$5,2),0) -> #DIV/0! | L40: =B40 & " ± " & (ROUNDUP(I40, 3)) -> ± 0
A41: =A40+1 -> 39 | D41: =POWER(C41/($O$5-1),0.5) -> 0 | E41: =B41+3*D41 -> 0 | F41: =B41-3*D41 -> 0 | G41: =D41/B41*100 -> #DIV/0! | H41: =D41/POWER($O$5, 0.5) -> 0 | I41: =H41*$P$5 -> 0 | J41: =I41/B41*100 -> #DIV/0! | K41: =ROUNDUP(POWER(G41*$P$5/$Q$5,2),0) -> #DIV/0! | L41: =B41 & " ± " & (ROUNDUP(I41, 3)) -> ± 0
A42: =A41+1 -> 40 | D42: =POWER(C42/($O$5-1),0.5) -> 0 | E42: =B42+3*D42 -> 0 | F42: =B42-3*D42 -> 0 | G42: =D42/B42*100 -> #DIV/0! | H42: =D42/POWER($O$5, 0.5) -> 0 | I42: =H42*$P$5 -> 0 | J42: =I42/B42*100 -> #DIV/0! | K42: =ROUNDUP(POWER(G42*$P$5/$Q$5,2),0) -> #DIV/0! | L42: =B42 & " ± " & (ROUNDUP(I42, 3)) -> ± 0
A43: =A42+1 -> 41 | B43: 30 | C43: 27000 | D43: =POWER(C43/($O$5-1),0.5) -> 30.512858 | E43: =B43+3*D43 -> 121.53857 | F43: =B43-3*D43 -> -61.538573 | G43: =D43/B43*100 -> 101.70953 | H43: =D43/POWER($O$5, 0.5) -> 5.5708601 | I43: =H43*$P$5 -> 11.14172 | J43: =I43/B43*100 -> 37.139068 | K43: =ROUNDUP(POWER(G43*$P$5/$Q$5,2),0) -> 1656 | L43: =B43 & " ± " & (ROUNDUP(I43, 3)) -> 30 ± 11,142
A44: =A43+1 -> 42 | D44: =POWER(C44/($O$5-1),0.5) -> 0 | E44: =B44+3*D44 -> 0 | F44: =B44-3*D44 -> 0 | G44: =D44/B44*100 -> #DIV/0! | H44: =D44/POWER($O$5, 0.5) -> 0 | I44: =H44*$P$5 -> 0 | J44: =I44/B44*100 -> #DIV/0! | K44: =ROUNDUP(POWER(G44*$P$5/$Q$5,2),0) -> #DIV/0! | L44: =B44 & " ± " & (ROUNDUP(I44, 3)) -> ± 0
A45: =A44+1 -> 43 | D45: =POWER(C45/($O$5-1),0.5) -> 0 | E45: =B45+3*D45 -> 0 | F45: =B45-3*D45 -> 0 | G45: =D45/B45*100 -> #DIV/0! | H45: =D45/POWER($O$5, 0.5) -> 0 | I45: =H45*$P$5 -> 0 | J45: =I45/B45*100 -> #DIV/0! | K45: =ROUNDUP(POWER(G45*$P$5/$Q$5,2),0) -> #DIV/0! | L45: =B45 & " ± " & (ROUNDUP(I45, 3)) -> ± 0
A46: =A45+1 -> 44 | D46: =POWER(C46/($O$5-1),0.5) -> 0 | E46: =B46+3*D46 -> 0 | F46: =B46-3*D46 -> 0 | G46: =D46/B46*100 -> #DIV/0! | H46: =D46/POWER($O$5, 0.5) -> 0 | I46: =H46*$P$5 -> 0 | J46: =I46/B46*100 -> #DIV/0! | K46: =ROUNDUP(POWER(G46*$P$5/$Q$5,2),0) -> #DIV/0! | L46: =B46 & " ± " & (ROUNDUP(I46, 3)) -> ± 0
A47: =A46+1 -> 45 | D47: =POWER(C47/($O$5-1),0.5) -> 0 | E47: =B47+3*D47 -> 0 | F47: =B47-3*D47 -> 0 | G47: =D47/B47*100 -> #DIV/0! | H47: =D47/POWER($O$5, 0.5) -> 0 | I47: =H47*$P$5 -> 0 | J47: =I47/B47*100 -> #DIV/0! | K47: =ROUNDUP(POWER(G47*$P$5/$Q$5,2),0) -> #DIV/0! | L47: =B47 & " ± " & (ROUNDUP(I47, 3)) -> ± 0
A48: =A47+1 -> 46 | B48: 72 | C48: 74880 | D48: =POWER(C48/($O$5-1),0.5) -> 50.814063 | E48: =B48+3*D48 -> 224.44219 | F48: =B48-3*D48 -> -80.442188 | G48: =D48/B48*100 -> 70.575087 | H48: =D48/POWER($O$5, 0.5) -> 9.2773361 | I48: =H48*$P$5 -> 18.554672 | J48: =I48/B48*100 -> 25.770378 | K48: =ROUNDUP(POWER(G48*$P$5/$Q$5,2),0) -> 797 | L48: =B48 & " ± " & (ROUNDUP(I48, 3)) -> 72 ± 18,555
A49: =A48+1 -> 47 | D49: =POWER(C49/($O$5-1),0.5) -> 0 | E49: =B49+3*D49 -> 0 | F49: =B49-3*D49 -> 0 | G49: =D49/B49*100 -> #DIV/0! | H49: =D49/POWER($O$5, 0.5) -> 0 | I49: =H49*$P$5 -> 0 | J49: =I49/B49*100 -> #DIV/0! | K49: =ROUNDUP(POWER(G49*$P$5/$Q$5,2),0) -> #DIV/0! | L49: =B49 & " ± " & (ROUNDUP(I49, 3)) -> ± 0
A50: =A49+1 -> 48 | D50: =POWER(C50/($O$5-1),0.5) -> 0 | E50: =B50+3*D50 -> 0 | F50: =B50-3*D50 -> 0 | G50: =D50/B50*100 -> #DIV/0! | H50: =D50/POWER($O$5, 0.5) -> 0 | I50: =H50*$P$5 -> 0 | J50: =I50/B50*100 -> #DIV/0! | K50: =ROUNDUP(POWER(G50*$P$5/$Q$5,2),0) -> #DIV/0! | L50: =B50 & " ± " & (ROUNDUP(I50, 3)) -> ± 0
A51: =A50+1 -> 49 | D51: =POWER(C51/($O$5-1),0.5) -> 0 | E51: =B51+3*D51 -> 0 | F51: =B51-3*D51 -> 0 | G51: =D51/B51*100 -> #DIV/0! | H51: =D51/POWER($O$5, 0.5) -> 0 | I51: =H51*$P$5 -> 0 | J51: =I51/B51*100 -> #DIV/0! | K51: =ROUNDUP(POWER(G51*$P$5/$Q$5,2),0) -> #DIV/0! | L51: =B51 & " ± " & (ROUNDUP(I51, 3)) -> ± 0
A52: =A51+1 -> 50 | D52: =POWER(C52/($O$5-1),0.5) -> 0 | E52: =B52+3*D52 -> 0 | F52: =B52-3*D52 -> 0 | G52: =D52/B52*100 -> #DIV/0! | H52: =D52/POWER($O$5, 0.5) -> 0 | I52: =H52*$P$5 -> 0 | J52: =I52/B52*100 -> #DIV/0! | K52: =ROUNDUP(POWER(G52*$P$5/$Q$5,2),0) -> #DIV/0! | L52: =B52 & " ± " & (ROUNDUP(I52, 3)) -> ± 0
A53: =A52+1 -> 51 | B53: 108 | C53: 118080 | D53: =POWER(C53/($O$5-1),0.5) -> 63.810063 | E53: =B53+3*D53 -> 299.43019 | F53: =B53-3*D53 -> -83.430189 | G53: =D53/B53*100 -> 59.083392 | H53: =D53/POWER($O$5, 0.5) -> 11.65007 | I53: =H53*$P$5 -> 23.300141 | J53: =I53/B53*100 -> 21.574204 | K53: =ROUNDUP(POWER(G53*$P$5/$Q$5,2),0) -> 559 | L53: =B53 & " ± " & (ROUNDUP(I53, 3)) -> 108 ± 23,301
A54: =A53+1 -> 52 | B54: 110 | C54: 137400 | D54: =POWER(C54/($O$5-1),0.5) -> 68.832631 | E54: =B54+3*D54 -> 316.49789 | F54: =B54-3*D54 -> -96.497892 | G54: =D54/B54*100 -> 62.575119 | H54: =D54/POWER($O$5, 0.5) -> 12.567061 | I54: =H54*$P$5 -> 25.134123 | J54: =I54/B54*100 -> 22.849203 | K54: =ROUNDUP(POWER(G54*$P$5/$Q$5,2),0) -> 627 | L54: =B54 & " ± " & (ROUNDUP(I54, 3)) -> 110 ± 25,135
A55: =A54+1 -> 53 | D55: =POWER(C55/($O$5-1),0.5) -> 0 | E55: =B55+3*D55 -> 0 | F55: =B55-3*D55 -> 0 | G55: =D55/B55*100 -> #DIV/0! | H55: =D55/POWER($O$5, 0.5) -> 0 | I55: =H55*$P$5 -> 0 | J55: =I55/B55*100 -> #DIV/0! | K55: =ROUNDUP(POWER(G55*$P$5/$Q$5,2),0) -> #DIV/0! | L55: =B55 & " ± " & (ROUNDUP(I55, 3)) -> ± 0
A56: =A55+1 -> 54 | D56: =POWER(C56/($O$5-1),0.5) -> 0 | E56: =B56+3*D56 -> 0 | F56: =B56-3*D56 -> 0 | G56: =D56/B56*100 -> #DIV/0! | H56: =D56/POWER($O$5, 0.5) -> 0 | I56: =H56*$P$5 -> 0 | J56: =I56/B56*100 -> #DIV/0! | K56: =ROUNDUP(POWER(G56*$P$5/$Q$5,2),0) -> #DIV/0! | L56: =B56 & " ± " & (ROUNDUP(I56, 3)) -> ± 0
A57: =A56+1 -> 55 | D57: =POWER(C57/($O$5-1),0.5) -> 0 | E57: =B57+3*D57 -> 0 | F57: =B57-3*D57 -> 0 | G57: =D57/B57*100 -> #DIV/0! | H57: =D57/POWER($O$5, 0.5) -> 0 | I57: =H57*$P$5 -> 0 | J57: =I57/B57*100 -> #DIV/0! | K57: =ROUNDUP(POWER(G57*$P$5/$Q$5,2),0) -> #DIV/0! | L57: =B57 & " ± " & (ROUNDUP(I57, 3)) -> ± 0
A58: =A57+1 -> 56 | B58: 134 | C58: 134520 | D58: =POWER(C58/($O$5-1),0.5) -> 68.10742 | E58: =B58+3*D58 -> 338.32226 | F58: =B58-3*D58 -> -70.322261 | G58: =D58/B58*100 -> 50.826433 | H58: =D58/POWER($O$5, 0.5) -> 12.434657 | I58: =H58*$P$5 -> 24.869314 | J58: =I58/B58*100 -> 18.559189 | K58: =ROUNDUP(POWER(G58*$P$5/$Q$5,2),0) -> 414 | L58: =B58 & " ± " & (ROUNDUP(I58, 3)) -> 134 ± 24,87
A59: =A58+1 -> 57 | B59: 148 | C59: 242880 | D59: =POWER(C59/($O$5-1),0.5) -> 91.515968 | E59: =B59+3*D59 -> 422.5479 | F59: =B59-3*D59 -> -126.5479 | G59: =D59/B59*100 -> 61.835114 | H59: =D59/POWER($O$5, 0.5) -> 16.708453 | I59: =H59*$P$5 -> 33.416907 | J59: =I59/B59*100 -> 22.578991 | K59: =ROUNDUP(POWER(G59*$P$5/$Q$5,2),0) -> 612 | L59: =B59 & " ± " & (ROUNDUP(I59, 3)) -> 148 ± 33,417
A60: =A59+1 -> 58 | D60: =POWER(C60/($O$5-1),0.5) -> 0 | E60: =B60+3*D60 -> 0 | F60: =B60-3*D60 -> 0 | G60: =D60/B60*100 -> #DIV/0! | H60: =D60/POWER($O$5, 0.5) -> 0 | I60: =H60*$P$5 -> 0 | J60: =I60/B60*100 -> #DIV/0! | K60: =ROUNDUP(POWER(G60*$P$5/$Q$5,2),0) -> #DIV/0! | L60: =B60 & " ± " & (ROUNDUP(I60, 3)) -> ± 0
A61: =A60+1 -> 59 | D61: =POWER(C61/($O$5-1),0.5) -> 0 | E61: =B61+3*D61 -> 0 | F61: =B61-3*D61 -> 0 | G61: =D61/B61*100 -> #DIV/0! | H61: =D61/POWER($O$5, 0.5) -> 0 | I61: =H61*$P$5 -> 0 | J61: =I61/B61*100 -> #DIV/0! | K61: =ROUNDUP(POWER(G61*$P$5/$Q$5,2),0) -> #DIV/0! | L61: =B61 & " ± " & (ROUNDUP(I61, 3)) -> ± 0
A62: =A61+1 -> 60 | D62: =POWER(C62/($O$5-1),0.5) -> 0 | E62: =B62+3*D62 -> 0 | F62: =B62-3*D62 -> 0 | G62: =D62/B62*100 -> #DIV/0! | H62: =D62/POWER($O$5, 0.5) -> 0 | I62: =H62*$P$5 -> 0 | J62: =I62/B62*100 -> #DIV/0! | K62: =ROUNDUP(POWER(G62*$P$5/$Q$5,2),0) -> #DIV/0! | L62: =B62 & " ± " & (ROUNDUP(I62, 3)) -> ± 0
A63: =A62+1 -> 61 | B63: 50 | C63: 79800 | D63: =POWER(C63/($O$5-1),0.5) -> 52.456879 | E63: =B63+3*D63 -> 207.37064 | F63: =B63-3*D63 -> -107.37064 | G63: =D63/B63*100 -> 104.91376 | H63: =D63/POWER($O$5, 0.5) -> 9.5772719 | I63: =H63*$P$5 -> 19.154544 | J63: =I63/B63*100 -> 38.309088 | K63: =ROUNDUP(POWER(G63*$P$5/$Q$5,2),0) -> 1762 | L63: =B63 & " ± " & (ROUNDUP(I63, 3)) -> 50 ± 19,155
A64: =A63+1 -> 62 | D64: =POWER(C64/($O$5-1),0.5) -> 0 | E64: =B64+3*D64 -> 0 | F64: =B64-3*D64 -> 0 | G64: =D64/B64*100 -> #DIV/0! | H64: =D64/POWER($O$5, 0.5) -> 0 | I64: =H64*$P$5 -> 0 | J64: =I64/B64*100 -> #DIV/0! | K64: =ROUNDUP(POWER(G64*$P$5/$Q$5,2),0) -> #DIV/0! | L64: =B64 & " ± " & (ROUNDUP(I64, 3)) -> ± 0
A65: =A64+1 -> 63 | D65: =POWER(C65/($O$5-1),0.5) -> 0 | E65: =B65+3*D65 -> 0 | F65: =B65-3*D65 -> 0 | G65: =D65/B65*100 -> #DIV/0! | H65: =D65/POWER($O$5, 0.5) -> 0 | I65: =H65*$P$5 -> 0 | J65: =I65/B65*100 -> #DIV/0! | K65: =ROUNDUP(POWER(G65*$P$5/$Q$5,2),0) -> #DIV/0! | L65: =B65 & " ± " & (ROUNDUP(I65, 3)) -> ± 0
A66: =A65+1 -> 64 | D66: =POWER(C66/($O$5-1),0.5) -> 0 | E66: =B66+3*D66 -> 0 | F66: =B66-3*D66 -> 0 | G66: =D66/B66*100 -> #DIV/0! | H66: =D66/POWER($O$5, 0.5) -> 0 | I66: =H66*$P$5 -> 0 | J66: =I66/B66*100 -> #DIV/0! | K66: =ROUNDUP(POWER(G66*$P$5/$Q$5,2),0) -> #DIV/0! | L66: =B66 & " ± " & (ROUNDUP(I66, 3)) -> ± 0
A67: =A66+1 -> 65 | D67: =POWER(C67/($O$5-1),0.5) -> 0 | E67: =B67+3*D67 -> 0 | F67: =B67-3*D67 -> 0 | G67: =D67/B67*100 -> #DIV/0! | H67: =D67/POWER($O$5, 0.5) -> 0 | I67: =H67*$P$5 -> 0 | J67: =I67/B67*100 -> #DIV/0! | K67: =ROUNDUP(POWER(G67*$P$5/$Q$5,2),0) -> #DIV/0! | L67: =B67 & " ± " & (ROUNDUP(I67, 3)) -> ± 0
A68: =A67+1 -> 66 | B68: 152 | C68: 192480 | D68: =POWER(C68/($O$5-1),0.5) -> 81.469266 | E68: =B68+3*D68 -> 396.4078 | F68: =B68-3*D68 -> -92.407799 | G68: =D68/B68*100 -> 53.598202 | H68: =D68/POWER($O$5, 0.5) -> 14.874185 | I68: =H68*$P$5 -> 29.74837 | J68: =I68/B68*100 -> 19.571296 | K68: =ROUNDUP(POWER(G68*$P$5/$Q$5,2),0) -> 460 | L68: =B68 & " ± " & (ROUNDUP(I68, 3)) -> 152 ± 29,749
A69: =A68+1 -> 67 | D69: =POWER(C69/($O$5-1),0.5) -> 0 | E69: =B69+3*D69 -> 0 | F69: =B69-3*D69 -> 0 | G69: =D69/B69*100 -> #DIV/0! | H69: =D69/POWER($O$5, 0.5) -> 0 | I69: =H69*$P$5 -> 0 | J69: =I69/B69*100 -> #DIV/0! | K69: =ROUNDUP(POWER(G69*$P$5/$Q$5,2),0) -> #DIV/0! | L69: =B69 & " ± " & (ROUNDUP(I69, 3)) -> ± 0
A70: =A69+1 -> 68 | D70: =POWER(C70/($O$5-1),0.5) -> 0 | E70: =B70+3*D70 -> 0 | F70: =B70-3*D70 -> 0 | G70: =D70/B70*100 -> #DIV/0! | H70: =D70/POWER($O$5, 0.5) -> 0 | I70: =H70*$P$5 -> 0 | J70: =I70/B70*100 -> #DIV/0! | K70: =ROUNDUP(POWER(G70*$P$5/$Q$5,2),0) -> #DIV/0! | L70: =B70 & " ± " & (ROUNDUP(I70, 3)) -> ± 0
A71: =A70+1 -> 69 | D71: =POWER(C71/($O$5-1),0.5) -> 0 | E71: =B71+3*D71 -> 0 | F71: =B71-3*D71 -> 0 | G71: =D71/B71*100 -> #DIV/0! | H71: =D71/POWER($O$5, 0.5) -> 0 | I71: =H71*$P$5 -> 0 | J71: =I71/B71*100 -> #DIV/0! | K71: =ROUNDUP(POWER(G71*$P$5/$Q$5,2),0) -> #DIV/0! | L71: =B71 & " ± " & (ROUNDUP(I71, 3)) -> ± 0
A72: =A71+1 -> 70 | D72: =POWER(C72/($O$5-1),0.5) -> 0 | E72: =B72+3*D72 -> 0 | F72: =B72-3*D72 -> 0 | G72: =D72/B72*100 -> #DIV/0! | H72: =D72/POWER($O$5, 0.5) -> 0 | I72: =H72*$P$5 -> 0 | J72: =I72/B72*100 -> #DIV/0! | K72: =ROUNDUP(POWER(G72*$P$5/$Q$5,2),0) -> #DIV/0! | L72: =B72 & " ± " & (ROUNDUP(I72, 3)) -> ± 0
A73: =A72+1 -> 71 | B73: 116 | C73: 215520 | D73: =POWER(C73/($O$5-1),0.5) -> 86.207448 | E73: =B73+3*D73 -> 374.62234 | F73: =B73-3*D73 -> -142.62234 | G73: =D73/B73*100 -> 74.316766 | H73: =D73/POWER($O$5, 0.5) -> 15.739255 | I73: =H73*$P$5 -> 31.478509 | J73: =I73/B73*100 -> 27.136646 | K73: =ROUNDUP(POWER(G73*$P$5/$Q$5,2),0) -> 884 | L73: =B73 & " ± " & (ROUNDUP(I73, 3)) -> 116 ± 31,479
A74: =A73+1 -> 72 | D74: =POWER(C74/($O$5-1),0.5) -> 0 | E74: =B74+3*D74 -> 0 | F74: =B74-3*D74 -> 0 | G74: =D74/B74*100 -> #DIV/0! | H74: =D74/POWER($O$5, 0.5) -> 0 | I74: =H74*$P$5 -> 0 | J74: =I74/B74*100 -> #DIV/0! | K74: =ROUNDUP(POWER(G74*$P$5/$Q$5,2),0) -> #DIV/0! | L74: =B74 & " ± " & (ROUNDUP(I74, 3)) -> ± 0
A75: =A74+1 -> 73 | D75: =POWER(C75/($O$5-1),0.5) -> 0 | E75: =B75+3*D75 -> 0 | F75: =B75-3*D75 -> 0 | G75: =D75/B75*100 -> #DIV/0! | H75: =D75/POWER($O$5, 0.5) -> 0 | I75: =H75*$P$5 -> 0 | J75: =I75/B75*100 -> #DIV/0! | K75: =ROUNDUP(POWER(G75*$P$5/$Q$5,2),0) -> #DIV/0! | L75: =B75 & " ± " & (ROUNDUP(I75, 3)) -> ± 0
A76: =A75+1 -> 74 | D76: =POWER(C76/($O$5-1),0.5) -> 0 | E76: =B76+3*D76 -> 0 | F76: =B76-3*D76 -> 0 | G76: =D76/B76*100 -> #DIV/0! | H76: =D76/POWER($O$5, 0.5) -> 0 | I76: =H76*$P$5 -> 0 | J76: =I76/B76*100 -> #DIV/0! | K76: =ROUNDUP(POWER(G76*$P$5/$Q$5,2),0) -> #DIV/0! | L76: =B76 & " ± " & (ROUNDUP(I76, 3)) -> ± 0
A77: =A76+1 -> 75 | D77: =POWER(C77/($O$5-1),0.5) -> 0 | E77: =B77+3*D77 -> 0 | F77: =B77-3*D77 -> 0 | G77: =D77/B77*100 -> #DIV/0! | H77: =D77/POWER($O$5, 0.5) -> 0 | I77: =H77*$P$5 -> 0 | J77: =I77/B77*100 -> #DIV/0! | K77: =ROUNDUP(POWER(G77*$P$5/$Q$5,2),0) -> #DIV/0! | L77: =B77 & " ± " & (ROUNDUP(I77, 3)) -> ± 0
A78: =A77+1 -> 76 | B78: 140 | C78: 268800 | D78: =POWER(C78/($O$5-1),0.5) -> 96.275467 | E78: =B78+3*D78 -> 428.8264 | F78: =B78-3*D78 -> -148.8264 | G78: =D78/B78*100 -> 68.768191 | H78: =D78/POWER($O$5, 0.5) -> 17.577415 | I78: =H78*$P$5 -> 35.15483 | J78: =I78/B78*100 -> 25.110593 | K78: =ROUNDUP(POWER(G78*$P$5/$Q$5,2),0) -> 757 | L78: =B78 & " ± " & (ROUNDUP(I78, 3)) -> 140 ± 35,155
D79: =POWER(C79/($O$5-1),0.5) -> 0 | E79: =B79+3*D79 -> 0 | F79: =B79-3*D79 -> 0 | G79: =D79/B79*100 -> #DIV/0! | H79: =D79/POWER($O$5, 0.5) -> 0 | I79: =H79*$P$5 -> 0 | J79: =I79/B79*100 -> #DIV/0! | K79: =ROUNDUP(POWER(G79*$P$5/$Q$5,2),0) -> #DIV/0! | L79: =B79 & " ± " & (ROUNDUP(I79, 3)) -> ± 0
D80: =POWER(C80/($O$5-1),0.5) -> 0 | E80: =B80+3*D80 -> 0 | F80: =B80-3*D80 -> 0 | G80: =D80/B80*100 -> #DIV/0! | H80: =D80/POWER($O$5, 0.5) -> 0 | I80: =H80*$P$5 -> 0 | J80: =I80/B80*100 -> #DIV/0! | K80: =ROUNDUP(POWER(G80*$P$5/$Q$5,2),0) -> #DIV/0! | L80: =B80 & " ± " & (ROUNDUP(I80, 3)) -> ± 0
A81: Спец. 1 | B81: 4 | C81: 6720 | D81: =POWER(C81/($O$5-1),0.5) -> 15.222488 | E81: =B81+3*D81 -> 49.667464 | F81: =B81-3*D81 -> -41.667464 | G81: =D81/B81*100 -> 380.5622 | H81: =D81/POWER($O$5, 0.5) -> 2.7792333 | I81: =H81*$P$5 -> 5.5584667 | J81: =I81/B81*100 -> 138.96167 | K81: =ROUNDUP(POWER(G81*$P$5/$Q$5,2),0) -> 23173 | L81: =B81 & " ± " & (ROUNDUP(I81, 3)) -> 4 ± 5,559
A82: Спец. 2 | B82: 0 | C82: 0 | D82: =POWER(C82/($O$5-1),0.5) -> 0 | E82: =B82+3*D82 -> 0 | F82: =B82-3*D82 -> 0 | G82: =D82/B82*100 -> #DIV/0! | H82: =D82/POWER($O$5, 0.5) -> 0 | I82: =H82*$P$5 -> 0 | J82: =I82/B82*100 -> #DIV/0! | K82: =ROUNDUP(POWER(G82*$P$5/$Q$5,2),0) -> #DIV/0! | L82: =B82 & " ± " & (ROUNDUP(I82, 3)) -> 0 ± 0
A83: Спец. 3 | B83: 808 | C83: 6406080 | D83: =POWER(C83/($O$5-1),0.5) -> 469.99927 | E83: =B83+3*D83 -> 2217.9978 | F83: =B83-3*D83 -> -601.9978 | G83: =D83/B83*100 -> 58.168226 | H83: =D83/POWER($O$5, 0.5) -> 85.809733 | I83: =H83*$P$5 -> 171.61947 | J83: =I83/B83*100 -> 21.240033 | K83: =ROUNDUP(POWER(G83*$P$5/$Q$5,2),0) -> 542 | L83: =B83 & " ± " & (ROUNDUP(I83, 3)) -> 808 ± 171,62
A84: Спец. 4 | B84: 836 | C84: 6133920 | D84: =POWER(C84/($O$5-1),0.5) -> 459.90704 | E84: =B84+3*D84 -> 2215.7211 | F84: =B84-3*D84 -> -543.72111 | G84: =D84/B84*100 -> 55.012803 | H84: =D84/POWER($O$5, 0.5) -> 83.967153 | I84: =H84*$P$5 -> 167.93431 | J84: =I84/B84*100 -> 20.087836 | K84: =ROUNDUP(POWER(G84*$P$5/$Q$5,2),0) -> 485 | L84: =B84 & " ± " & (ROUNDUP(I84, 3)) -> 836 ± 167,935
A85: Спец. 5 | B85: 206 | C85: 559320 | D85: =POWER(C85/($O$5-1),0.5) -> 138.87727 | E85: =B85+3*D85 -> 622.63181 | F85: =B85-3*D85 -> -210.63181 | G85: =D85/B85*100 -> 67.416151 | H85: =D85/POWER($O$5, 0.5) -> 25.355405 | I85: =H85*$P$5 -> 50.71081 | J85: =I85/B85*100 -> 24.616898 | K85: =ROUNDUP(POWER(G85*$P$5/$Q$5,2),0) -> 728 | L85: =B85 & " ± " & (ROUNDUP(I85, 3)) -> 206 ± 50,711
A86: Спец. 6 | B86: 250 | C86: 555000 | D86: =POWER(C86/($O$5-1),0.5) -> 138.33991 | E86: =B86+3*D86 -> 665.01973 | F86: =B86-3*D86 -> -165.01973 | G86: =D86/B86*100 -> 55.335964 | H86: =D86/POWER($O$5, 0.5) -> 25.257297 | I86: =H86*$P$5 -> 50.514593 | J86: =I86/B86*100 -> 20.205837 | K86: =ROUNDUP(POWER(G86*$P$5/$Q$5,2),0) -> 490 | L86: =B86 & " ± " & (ROUNDUP(I86, 3)) -> 250 ± 50,515
A87: Спец. 7 | B87: 1184 | C87: 13254720 | D87: =POWER(C87/($O$5-1),0.5) -> 676.06162 | E87: =B87+3*D87 -> 3212.1849 | F87: =B87-3*D87 -> -844.18485 | G87: =D87/B87*100 -> 57.099799 | H87: =D87/POWER($O$5, 0.5) -> 123.4314 | I87: =H87*$P$5 -> 246.8628 | J87: =I87/B87*100 -> 20.849899 | K87: =ROUNDUP(POWER(G87*$P$5/$Q$5,2),0) -> 522 | L87: =B87 & " ± " & (ROUNDUP(I87, 3)) -> 1184 ± 246,863
A88: Спец. 8 | B88: 1616 | C88: 17265120 | D88: =POWER(C88/($O$5-1),0.5) -> 771.5886 | E88: =B88+3*D88 -> 3930.7658 | F88: =B88-3*D88 -> -698.7658 | G88: =D88/B88*100 -> 47.746819 | H88: =D88/POWER($O$5, 0.5) -> 140.87216 | I88: =H88*$P$5 -> 281.74432 | J88: =I88/B88*100 -> 17.434673 | K88: =ROUNDUP(POWER(G88*$P$5/$Q$5,2),0) -> 365 | L88: =B88 & " ± " & (ROUNDUP(I88, 3)) -> 1616 ± 281,745
B92: 836 | C92: 6133920

Sheet Tв_3
A1: Серия экспериментов\статистика | B1: y_ср [м.е.] | C1: Σ((Δyi)^2) [м.е.^2] | D1: σ [м.е.] | E1: y_ср+3*σ [м.е.] | F1: y_ср-3*σ [м.е.] | G1: kв [%] | H1: σ0 [м.е.] | I1: Δy [м.е.] | J1: δy [%] | K1: N_мин | L1: y_ист [м.е.]
A3: 1 | B3: 2 | C3: 3480 | D3: =POWER(C3/($O$5-1),0.5) -> 10.954451 | E3: =B3+3*D3 -> 34.863353 | F3: =B3-3*D3 -> -30.863353 | G3: =D3/B3*100 -> 547.72256 | H3: =D3/POWER($O$5, 0.5) -> 2 | I3: =H3*$P$5 -> 4 | J3: =I3/B3*100 -> 200 | K3: =ROUNDUP(POWER(G3*$P$5/$Q$5,2),0) -> 48000 | L3: =B3 & " ± " & (ROUNDUP(I3, 3)) -> 2 ± 4
A4: =A3+1 -> 2 | D4: =POWER(C4/($O$5-1),0.5) -> 0 | E4: =B4+3*D4 -> 0 | F4: =B4-3*D4 -> 0 | G4: =D4/B4*100 -> #DIV/0! | H4: =D4/POWER($O$5, 0.5) -> 0 | I4: =H4*$P$5 -> 0 | J4: =I4/B4*100 -> #DIV/0! | K4: =ROUNDUP(POWER(G4*$P$5/$Q$5,2),0) -> #DIV/0! | L4: =B4 & " ± " & (ROUNDUP(I4, 3)) -> ± 0 | N4: p | O4: N | P4: t_pN | Q4: Δ [%]
A5: =A4+1 -> 3 | D5: =POWER(C5/($O$5-1),0.5) -> 0 | E5: =B5+3*D5 -> 0 | F5: =B5-3*D5 -> 0 | G5: =D5/B5*100 -> #DIV/0! | H5: =D5/POWER($O$5, 0.5) -> 0 | I5: =H5*$P$5 -> 0 | J5: =I5/B5*100 -> #DIV/0! | K5: =ROUNDUP(POWER(G5*$P$5/$Q$5,2),0) -> #DIV/0! | L5: =B5 & " ± " & (ROUNDUP(I5, 3)) -> ± 0 | N5: 0.95 | O5: 30 | P5: 2 | Q5: 5
A6: =A5+1 -> 4 | D6: =POWER(C6/($O$5-1),0.5) -> 0 | E6: =B6+3*D6 -> 0 | F6: =B6-3*D6 -> 0 | G6: =D6/B6*100 -> #DIV/0! | H6: =D6/POWER($O$5, 0.5) -> 0 | I6: =H6*$P$5 -> 0 | J6: =I6/B6*100 -> #DIV/0! | K6: =ROUNDUP(POWER(G6*$P$5/$Q$5,2),0) -> #DIV/0! | L6: =B6 & " ± " & (ROUNDUP(I6, 3)) -> ± 0
A7: =A6+1 -> 5 | D7: =POWER(C7/($O$5-1),0.5) -> 0 | E7: =B7+3*D7 -> 0 | F7: =B7-3*D7 -> 0 | G7: =D7/B7*100 -> #DIV/0! | H7: =D7/POWER($O$5, 0.5) -> 0 | I7: =H7*$P$5 -> 0 | J7: =I7/B7*100 -> #DIV/0! | K7: =ROUNDUP(POWER(G7*$P$5/$Q$5,2),0) -> #DIV/0! | L7: =B7 & " ± " & (ROUNDUP(I7, 3)) -> ± 0
A8: =A7+1 -> 6 | B8: 8 | C8: 26880 | D8: =POWER(C8/($O$5-1),0.5) -> 30.444976 | E8: =B8+3*D8 -> 99.334927 | F8: =B8-3*D8 -> -83.334927 | G8: =D8/B8*100 -> 380.5622 | H8: =D8/POWER($O$5, 0.5) -> 5.5584667 | I8: =H8*$P$5 -> 11.116933 | J8: =I8/B8*100 -> 138.96167 | K8: =ROUNDUP(POWER(G8*$P$5/$Q$5,2),0) -> 23173 | L8: =B8 & " ± " & (ROUNDUP(I8, 3)) -> 8 ± 11,117
A9: =A8+1 -> 7 | D9: =POWER(C9/($O$5-1),0.5) -> 0 | E9: =B9+3*D9 -> 0 | F9: =B9-3*D9 -> 0 | G9: =D9/B9*100 -> #DIV/0! | H9: =D9/POWER($O$5, 0.5) -> 0 | I9: =H9*$P$5 -> 0 | J9: =I9/B9*100 -> #DIV/0! | K9: =ROUNDUP(POWER(G9*$P$5/$Q$5,2),0) -> #DIV/0! | L9: =B9 & " ± " & (ROUNDUP(I9, 3)) -> ± 0
A10: =A9+1 -> 8 | D10: =POWER(C10/($O$5-1),0.5) -> 0 | E10: =B10+3*D10 -> 0 | F10: =B10-3*D10 -> 0 | G10: =D10/B10*100 -> #DIV/0! | H10: =D10/POWER($O$5, 0.5) -> 0 | I10: =H10*$P$5 -> 0 | J10: =I10/B10*100 -> #DIV/0! | K10: =ROUNDUP(POWER(G10*$P$5/$Q$5,2),0) -> #DIV/0! | L10: =B10 & " ± " & (ROUNDUP(I10, 3)) -> ± 0
A11: =A10+1 -> 9 | D11: =POWER(C11/($O$5-1),0.5) -> 0 | E11: =B11+3*D11 -> 0 | F11: =B11-3*D11 -> 0 | G11: =D11/B11*100 -> #DIV/0! | H11: =D11/POWER($O$5, 0.5) -> 0 | I11: =H11*$P$5 -> 0 | J11: =I11/B11*100 -> #DIV/0! | K11: =ROUNDUP(POWER(G11*$P$5/$Q$5,2),0) -> #DIV/0! | L11: =B11 & " ± " & (ROUNDUP(I11, 3)) -> ± 0
A12: =A11+1 -> 10 | D12: =POWER(C12/($O$5-1),0.5) -> 0 | E12: =B12+3*D12 -> 0 | F12: =B12-3*D12 -> 0 | G12: =D12/B12*100 -> #DIV/0! | H12: =D12/POWER($O$5, 0.5) -> 0 | I12: =H12*$P$5 -> 0 | J12: =I12/B12*100 -> #DIV/0! | K12: =ROUNDUP(POWER(G12*$P$5/$Q$5,2),0) -> #DIV/0! | L12: =B12 & " ± " & (ROUNDUP(I12, 3)) -> ± 0
A13: =A12+1 -> 11 | B13: 4 | C13: 13920 | D13: =POWER(C13/($O$5-1),0.5) -> 21.908902 | E13: =B13+3*D13 -> 69.726707 | F13: =B13-3*D13 -> -61.726707 | G13: =D13/B13*100 -> 547.72256 | H13: =D13/POWER($O$5, 0.5) -> 4 | I13: =H13*$P$5 -> 8 | J13: =I13/B13*100 -> 200 | K13: =ROUNDUP(POWER(G13*$P$5/$Q$5,2),0) -> 48000 | L13: =B13 & " ± " & (ROUNDUP(I13, 3)) -> 4 ± 8
A14: =A13+1 -> 12 | D14: =POWER(C14/($O$5-1),0.5) -> 0 | E14: =B14+3*D14 -> 0 | F14: =B14-3*D14 -> 0 | G14: =D14/B14*100 -> #DIV/0! | H14: =D14/POWER($O$5, 0.5) -> 0 | I14: =H14*$P$5 -> 0 | J14: =I14/B14*100 -> #DIV/0! | K14: =ROUNDUP(POWER(G14*$P$5/$Q$5,2),0) -> #DIV/0! | L14: =B14 & " ± " & (ROUNDUP(I14, 3)) -> ± 0
A15: =A14+1 -> 13 | D15: =POWER(C15/($O$5-1),0.5) -> 0 | E15: =B15+3*D15 -> 0 | F15: =B15-3*D15 -> 0 | G15: =D15/B15*100 -> #DIV/0! | H15: =D15/POWER($O$5, 0.5) -> 0 | I15: =H15*$P$5 -> 0 | J15: =I15/B15*100 -> #DIV/0! | K15: =ROUNDUP(POWER(G15*$P$5/$Q$5,2),0) -> #DIV/0! | L15: =B15 & " ± " & (ROUNDUP(I15, 3)) -> ± 0
A16: =A15+1 -> 14 | D16: =POWER(C16/($O$5-1),0.5) -> 0 | E16: =B16+3*D16 -> 0 | F16: =B16-3*D16 -> 0 | G16: =D16/B16*100 -> #DIV/0! | H16: =D16/POWER($O$5, 0.5) -> 0 | I16: =H16*$P$5 -> 0 | J16: =I16/B16*100 -> #DIV/0! | K16: =ROUNDUP(POWER(G16*$P$5/$Q$5,2),0) -> #DIV/0! | L16: =B16 & " ± " & (ROUNDUP(I16, 3)) -> ± 0
A17: =A16+1 -> 15 | D17: =POWER(C17/($O$5-1),0.5) -> 0 | E17: =B17+3*D17 -> 0 | F17: =B17-3*D17 -> 0 | G17: =D17/B17*100 -> #DIV/0! | H17: =D17/POWER($O$5, 0.5) -> 0 | I17: =H17*$P$5 -> 0 | J17: =I17/B17*100 -> #DIV/0! | K17: =ROUNDUP(POWER(G17*$P$5/$Q$5,2),0) -> #DIV/0! | L17: =B17 & " ± " & (ROUNDUP(I17, 3)) -> ± 0
A18: =A17+1 -> 16 | B18: 40 | C18: 74400 | D18: =POWER(C18/($O$5-1),0.5) -> 50.650935 | E18: =B18+3*D18 -> 191.95281 | F18: =B18-3*D18 -> -111.95281 | G18: =D18/B18*100 -> 126.62734 | H18: =D18/POWER($O$5, 0.5) -> 9.2475533 | I18: =H18*$P$5 -> 18.495107 | J18: =I18/B18*100 -> 46.237766 | K18: =ROUNDUP(POWER(G18*$P$5/$Q$5,2),0) -> 2566 | L18: =B18 & " ± " & (ROUNDUP(I18, 3)) -> 40 ± 18,496
A19: =A18+1 -> 17 | D19: =POWER(C19/($O$5-1),0.5) -> 0 | E19: =B19+3*D19 -> 0 | F19: =B19-3*D19 -> 0 | G19: =D19/B19*100 -> #DIV/0! | H19: =D19/POWER($O$5, 0.5) -> 0 | I19: =H19*$P$5 -> 0 | J19: =I19/B19*100 -> #DIV/0! | K19: =ROUNDUP(POWER(G19*$P$5/$Q$5,2),0) -> #DIV/0! | L19: =B19 & " ± " & (ROUNDUP(I19, 3)) -> ± 0
A20: =A19+1 -> 18 | D20: =POWER(C20/($O$5-1),0.5) -> 0 | E20: =B20+3*D20 -> 0 | F20: =B20-3*D20 -> 0 | G20: =D20/B20*100 -> #DIV/0! | H20: =D20/POWER($O$5, 0.5) -> 0 | I20: =H20*$P$5 -> 0 | J20: =I20/B20*100 -> #DIV/0! | K20: =ROUNDUP(POWER(G20*$P$5/$Q$5,2),0) -> #DIV/0! | L20: =B20 & " ± " & (ROUNDUP(I20, 3)) -> ± 0
A21: =A20+1 -> 19 | D21: =POWER(C21/($O$5-1),0.5) -> 0 | E21: =B21+3*D21 -> 0 | F21: =B21-3*D21 -> 0 | G21: =D21/B21*100 -> #DIV/0! | H21: =D21/POWER($O$5, 0.5) -> 0 | I21: =H21*$P$5 -> 0 | J21: =I21/B21*100 -> #DIV/0! | K21: =ROUNDUP(POWER(G21*$P$5/$Q$5,2),0) -> #DIV/0! | L21: =B21 & " ± " & (ROUNDUP(I21, 3)) -> ± 0
A22: =A21+1 -> 20 | D22: =POWER(C22/($O$5-1),0.5) -> 0 | E22: =B22+3*D22 -> 0 | F22: =B22-3*D22 -> 0 | G22: =D22/B22*100 -> #DIV/0! | H22: =D22/POWER($O$5, 0.5) -> 0 | I22: =H22*$P$5 -> 0 | J22: =I22/B22*100 -> #DIV/0! | K22: =ROUNDUP(POWER(G22*$P$5/$Q$5,2),0) -> #DIV/0! | L22: =B22 & " ± " & (ROUNDUP(I22, 3)) -> ± 0
A23: =A22+1 -> 21 | B23: 14 | C23: 26520 | D23: =POWER(C23/($O$5-1),0.5) -> 30.240416 | E23: =B23+3*D23 -> 104.72125 | F23: =B23-3*D23 -> -76.721248 | G23: =D23/B23*100 -> 216.00297 | H23: =D23/POWER($O$5, 0.5) -> 5.5211193 | I23: =H23*$P$5 -> 11.042239 | J23: =I23/B23*100 -> 78.873133 | K23: =ROUNDUP(POWER(G23*$P$5/$Q$5,2),0) -> 7466 | L23: =B23 & " ± " & (ROUNDUP(I23, 3)) -> 14 ± 11,043
A24: =A23+1 -> 22 | D24: =POWER(C24/($O$5-1),0.5) -> 0 | E24: =B24+3*D24 -> 0 | F24: =B24-3*D24 -> 0 | G24: =D24/B24*100 -> #DIV/0! | H24: =D24/POWER($O$5, 0.5) -> 0 | I24: =H24*$P$5 -> 0 | J24: =I24/B24*100 -> #DIV/0! | K24: =ROUNDUP(POWER(G24*$P$5/$Q$5,2),0) -> #DIV/0! | L24: =B24 & " ± " & (ROUNDUP(I24, 3)) -> ± 0
A25: =A24+1 -> 23 | D25: =POWER(C25/($O$5-1),0.5) -> 0 | E25: =B25+3*D25 -> 0 | F25: =B25-3*D25 -> 0 | G25: =D25/B25*100 -> #DIV/0! | H25: =D25/POWER($O$5, 0.5) -> 0 | I25: =H25*$P$5 -> 0 | J25: =I25/B25*100 -> #DIV/0! | K25: =ROUNDUP(POWER(G25*$P$5/$Q$5,2),0) -> #DIV/0! | L25: =B25 & " ± " & (ROUNDUP(I25, 3)) -> ± 0
A26: =A25+1 -> 24 | D26: =POWER(C26/($O$5-1),0.5) -> 0 | E26: =B26+3*D26 -> 0 | F26: =B26-3*D26 -> 0 | G26: =D26/B26*100 -> #DIV/0! | H26: =D26/POWER($O$5, 0.5) -> 0 | I26: =H26*$P$5 -> 0 | J26: =I26/B26*100 -> #DIV/0! | K26: =ROUNDUP(POWER(G26*$P$5/$Q$5,2),0) -> #DIV/0! | L26: =B26 & " ± " & (ROUNDUP(I26, 3)) -> ± 0
A27: =A26+1 -> 25 | D27: =POWER(C27/($O$5-1),0.5) -> 0 | E27: =B27+3*D27 -> 0 | F27: =B27-3*D27 -> 0 | G27: =D27/B27*100 -> #DIV/0! | H27: =D27/POWER($O$5, 0.5) -> 0 | I27: =H27*$P$5 -> 0 | J27: =I27/B27*100 -> #DIV/0! | K27: =ROUNDUP(POWER(G27*$P$5/$Q$5,2),0) -> #DIV/0! | L27: =B27 & " ± " & (ROUNDUP(I27, 3)) -> ± 0
A28: =A27+1 -> 26 | B28: 206 | C28: 840120 | D28: =POWER(C28/($O$5-1),0.5) -> 170.20474 | E28: =B28+3*D28 -> 716.61423 | F28: =B28-3*D28 -> -304.61423 | G28: =D28/B28*100 -> 82.623663 | H28: =D28/POWER($O$5, 0.5) -> 31.074993 | I28: =H28*$P$5 -> 62.149985 | J28: =I28/B28*100 -> 30.169896 | K28: =ROUNDUP(POWER(G28*$P$5/$Q$5,2),0) -> 1093 | L28: =B28 & " ± " & (ROUNDUP(I28, 3)) -> 206 ± 62,15
A29: =A28+1 -> 27 | D29: =POWER(C29/($O$5-1),0.5) -> 0 | E29: =B29+3*D29 -> 0 | F29: =B29-3*D29 -> 0 | G29: =D29/B29*100 -> #DIV/0! | H29: =D29/POWER($O$5, 0.5) -> 0 | I29: =H29*$P$5 -> 0 | J29: =I29/B29*100 -> #DIV/0! | K29: =ROUNDUP(POWER(G29*$P$5/$Q$5,2),0) -> #DIV/0! | L29: =B29 & " ± " & (ROUNDUP(I29, 3)) -> ± 0
A30: =A29+1 -> 28 | D30: =POWER(C30/($O$5-1),0.5) -> 0 | E30: =B30+3*D30 -> 0 | F30: =B30-3*D30 -> 0 | G30: =D30/B30*100 -> #DIV/0! | H30: =D30/POWER($O$5, 0.5) -> 0 | I30: =H30*$P$5 -> 0 | J30: =I30/B30*100 -> #DIV/0! | K30: =ROUNDUP(POWER(G30*$P$5/$Q$5,2),0) -> #DIV/0! | L30: =B30 & " ± " & (ROUNDUP(I30, 3)) -> ± 0
A31: =A30+1 -> 29 | D31: =POWER(C31/($O$5-1),0.5) -> 0 | E31: =B31+3*D31 -> 0 | F31: =B31-3*D31 -> 0 | G31: =D31/B31*100 -> #DIV/0! | H31: =D31/POWER($O$5, 0.5) -> 0 | I31: =H31*$P$5 -> 0 | J31: =I31/B31*100 -> #DIV/0! | K31: =ROUNDUP(POWER(G31*$P$5/$Q$5,2),0) -> #DIV/0! | L31: =B31 & " ± " & (ROUNDUP(I31, 3)) -> ± 0
A32: =A31+1 -> 30 | D32: =POWER(C32/($O$5-1),0.5) -> 0 | E32: =B32+3*D32 -> 0 | F32: =B32-3*D32 -> 0 | G32: =D32/B32*100 -> #DIV/0! | H32: =D32/POWER($O$5, 0.5) -> 0 | I32: =H32*$P$5 -> 0 | J32: =I32/B32*100 -> #DIV/0! | K32: =ROUNDUP(POWER(G32*$P$5/$Q$5,2),0) -> #DIV/0! | L32: =B32 & " ± " & (ROUNDUP(I32, 3)) -> ± 0
A33: =A32+1 -> 31 | B33: 30 | C33: 63000 | D33: =POWER(C33/($O$5-1),0.5) -> 46.60916 | E33: =B33+3*D33 -> 169.82748 | F33: =B33-3*D33 -> -109.82748 | G33: =D33/B33*100 -> 155.36387 | H33: =D33/POWER($O$5, 0.5) -> 8.5096294 | I33: =H33*$P$5 -> 17.019259 | J33: =I33/B33*100 -> 56.730863 | K33: =ROUNDUP(POWER(G33*$P$5/$Q$5,2),0) -> 3863 | L33: =B33 & " ± " & (ROUNDUP(I33, 3)) -> 30 ± 17,02
A34: =A33+1 -> 32 | D34: =POWER(C34/($O$5-1),0.5) -> 0 | E34: =B34+3*D34 -> 0 | F34: =B34-3*D34 -> 0 | G34: =D34/B34*100 -> #DIV/0! | H34: =D34/POWER($O$5, 0.5) -> 0 | I34: =H34*$P$5 -> 0 | J34: =I34/B34*100 -> #DIV/0! | K34: =ROUNDUP(POWER(G34*$P$5/$Q$5,2),0) -> #DIV/0! | L34: =B34 & " ± " & (ROUNDUP(I34, 3)) -> ± 0
A35: =A34+1 -> 33 | D35: =POWER(C35/($O$5-1),0.5) -> 0 | E35: =B35+3*D35 -> 0 | F35: =B35-3*D35 -> 0 | G35: =D35/B35*100 -> #DIV/0! | H35: =D35/POWER($O$5, 0.5) -> 0 | I35: =H35*$P$5 -> 0 | J35: =I35/B35*100 -> #DIV/0! | K35: =ROUNDUP(POWER(G35*$P$5/$Q$5,2),0) -> #DIV/0! | L35: =B35 & " ± " & (ROUNDUP(I35, 3)) -> ± 0
A36: =A35+1 -> 34 | D36: =POWER(C36/($O$5-1),0.5) -> 0 | E36: =B36+3*D36 -> 0 | F36: =B36-3*D36 -> 0 | G36: =D36/B36*100 -> #DIV/0! | H36: =D36/POWER($O$5, 0.5) -> 0 | I36: =H36*$P$5 -> 0 | J36: =I36/B36*100 -> #DIV/0! | K36: =ROUNDUP(POWER(G36*$P$5/$Q$5,2),0) -> #DIV/0! | L36: =B36 & " ± " & (ROUNDUP(I36, 3)) -> ± 0
A37: =A36+1 -> 35 | D37: =POWER(C37/($O$5-1),0.5) -> 0 | E37: =B37+3*D37 -> 0 | F37: =B37-3*D37 -> 0 | G37: =D37/B37*100 -> #DIV/0! | H37: =D37/POWER($O$5, 0.5) -> 0 | I37: =H37*$P$5 -> 0 | J37: =I37/B37*100 -> #DIV/0! | K37: =ROUNDUP(POWER(G37*$P$5/$Q$5,2),0) -> #DIV/0! | L37: =B37 & " ± " & (ROUNDUP(I37, 3)) -> ± 0
A38: =A37+1 -> 36 | B38: 38 | C38: 61080 | D38: =POWER(C38/($O$5-1),0.5) -> 45.89343 | E38: =B38+3*D38 -> 175.68029 | F38: =B38-3*D38 -> -99.680289 | G38: =D38/B38*100 -> 120.77218 | H38: =D38/POWER($O$5, 0.5) -> 8.3789556 | I38: =H38*$P$5 -> 16.757911 | J38: =I38/B38*100 -> 44.099766 | K38: =ROUNDUP(POWER(G38*$P$5/$Q$5,2),0) -> 2334 | L38: =B38 & " ± " & (ROUNDUP(I38, 3)) -> 38 ± 16,758
A39: =A38+1 -> 37 | D39: =POWER(C39/($O$5-1),0.5) -> 0 | E39: =B39+3*D39 -> 0 | F39: =B39-3*D39 -> 0 | G39: =D39/B39*100 -> #DIV/0! | H39: =D39/POWER($O$5, 0.5) -> 0 | I39: =H39*$P$5 -> 0 | J39: =I39/B39*100 -> #DIV/0! | K39: =ROUNDUP(POWER(G39*$P$5/$Q$5,2),0) -> #DIV/0! | L39: =B39 & " ± " & (ROUNDUP(I39, 3)) -> ± 0
A40: =A39+1 -> 38 | D40: =POWER(C40/($O$5-1),0.5) -> 0 | E40: =B40+3*D40 -> 0 | F40: =B40-3*D40 -> 0 | G40: =D40/B40*100 -> #DIV/0! | H40: =D40/POWER($O$5, 0.5) -> 0 | I40: =H40*$P$5 -> 0 | J40: =I40/B40*100 -> #DIV/0! | K40: =ROUNDUP(POWER(G40*$P$5/$Q$5,2),0) -> #DIV/0! | L40: =B40 & " ± " & (ROUNDUP(I40, 3)) -> ± 0
A41: =A40+1 -> 39 | D41: =POWER(C41/($O$5-1),0.5) -> 0 | E41: =B41+3*D41 -> 0 | F41: =B41-3*D41 -> 0 | G41: =D41/B41*100 -> #DIV/0! | H41: =D41/POWER($O$5, 0.5) -> 0 | I41: =H41*$P$5 -> 0 | J41: =I41/B41*100 -> #DIV/0! | K41: =ROUNDUP(POWER(G41*$P$5/$Q$5,2),0) -> #DIV/0! | L41: =B41 & " ± " & (ROUNDUP(I41, 3)) -> ± 0
A42: =A41+1 -> 40 | D42: =POWER(C42/($O$5-1),0.5) -> 0 | E42: =B42+3*D42 -> 0 | F42: =B42-3*D42 -> 0 | G42: =D42/B42*100 -> #DIV/0! | H42: =D42/POWER($O$5, 0.5) -> 0 | I42: =H42*$P$5 -> 0 | J42: =I42/B42*100 -> #DIV/0! | K42: =ROUNDUP(POWER(G42*$P$5/$Q$5,2),0) -> #DIV/0! | L42: =B42 & " ± " & (ROUNDUP(I42, 3)) -> ± 0
A43: =A42+1 -> 41 | B43: 20 | C43: 24000 | D43: =POWER(C43/($O$5-1),0.5) -> 28.767798 | E43: =B43+3*D43 -> 106.30339 | F43: =B43-3*D43 -> -66.303394 | G43: =D43/B43*100 -> 143.83899 | H43: =D43/POWER($O$5, 0.5) -> 5.2522573 | I43: =H43*$P$5 -> 10.504515 | J43: =I43/B43*100 -> 52.522573 | K43: =ROUNDUP(POWER(G43*$P$5/$Q$5,2),0) -> 3311 | L43: =B43 & " ± " & (ROUNDUP(I43, 3)) -> 20 ± 10,505
A44: =A43+1 -> 42 | D44: =POWER(C44/($O$5-1),0.5) -> 0 | E44: =B44+3*D44 -> 0 | F44: =B44-3*D44 -> 0 | G44: =D44/B44*100 -> #DIV/0! | H44: =D44/POWER($O$5, 0.5) -> 0 | I44: =H44*$P$5 -> 0 | J44: =I44/B44*100 -> #DIV/0! | K44: =ROUNDUP(POWER(G44*$P$5/$Q$5,2),0) -> #DIV/0! | L44: =B44 & " ± " & (ROUNDUP(I44, 3)) -> ± 0
A45: =A44+1 -> 43 | D45: =POWER(C45/($O$5-1),0.5) -> 0 | E45: =B45+3*D45 -> 0 | F45: =B45-3*D45 -> 0 | G45: =D45/B45*100 -> #DIV/0! | H45: =D45/POWER($O$5, 0.5) -> 0 | I45: =H45*$P$5 -> 0 | J45: =I45/B45*100 -> #DIV/0! | K45: =ROUNDUP(POWER(G45*$P$5/$Q$5,2),0) -> #DIV/0! | L45: =B45 & " ± " & (ROUNDUP(I45, 3)) -> ± 0
A46: =A45+1 -> 44 | D46: =POWER(C46/($O$5-1),0.5) -> 0 | E46: =B46+3*D46 -> 0 | F46: =B46-3*D46 -> 0 | G46: =D46/B46*100 -> #DIV/0! | H46: =D46/POWER($O$5, 0.5) -> 0 | I46: =H46*$P$5 -> 0 | J46: =I46/B46*100 -> #DIV/0! | K46: =ROUNDUP(POWER(G46*$P$5/$Q$5,2),0) -> #DIV/0! | L46: =B46 & " ± " & (ROUNDUP(I46, 3)) -> ± 0
A47: =A46+1 -> 45 | D47: =POWER(C47/($O$5-1),0.5) -> 0 | E47: =B47+3*D47 -> 0 | F47: =B47-3*D47 -> 0 | G47: =D47/B47*100 -> #DIV/0! | H47: =D47/POWER($O$5, 0.5) -> 0 | I47: =H47*$P$5 -> 0 | J47: =I47/B47*100 -> #DIV/0! | K47: =ROUNDUP(POWER(G47*$P$5/$Q$5,2),0) -> #DIV/0! | L47: =B47 & " ± " & (ROUNDUP(I47, 3)) -> ± 0
A48: =A47+1 -> 46 | B48: 24 | C48: 47520 | D48: =POWER(C48/($O$5-1),0.5) -> 40.47988 | E48: =B48+3*D48 -> 145.43964 | F48: =B48-3*D48 -> -97.43964 | G48: =D48/B48*100 -> 168.66617 | H48: =D48/POWER($O$5, 0.5) -> 7.3905811 | I48: =H48*$P$5 -> 14.781162 | J48: =I48/B48*100 -> 61.588176 | K48: =ROUNDUP(POWER(G48*$P$5/$Q$5,2),0) -> 4552 | L48: =B48 & " ± " & (ROUNDUP(I48, 3)) -> 24 ± 14,782
A49: =A48+1 -> 47 | D49: =POWER(C49/($O$5-1),0.5) -> 0 | E49: =B49+3*D49 -> 0 | F49: =B49-3*D49 -> 0 | G49: =D49/B49*100 -> #DIV/0! | H49: =D49/POWER($O$5, 0.5) -> 0 | I49: =H49*$P$5 -> 0 | J49: =I49/B49*100 -> #DIV/0! | K49: =ROUNDUP(POWER(G49*$P$5/$Q$5,2),0) -> #DIV/0! | L49: =B49 & " ± " & (ROUNDUP(I49, 3)) -> ± 0
A50: =A49+1 -> 48 | D50: =POWER(C50/($O$5-1),0.5) -> 0 | E50: =B50+3*D50 -> 0 | F50: =B50-3*D50 -> 0 | G50: =D50/B50*100 -> #DIV/0! | H50: =D50/POWER($O$5, 0.5) -> 0 | I50: =H50*$P$5 -> 0 | J50: =I50/B50*100 -> #DIV/0! | K50: =ROUNDUP(POWER(G50*$P$5/$Q$5,2),0) -> #DIV/0! | L50: =B50 & " ± " & (ROUNDUP(I50, 3)) -> ± 0
A51: =A50+1 -> 49 | D51: =POWER(C51/($O$5-1),0.5) -> 0 | E51: =B51+3*D51 -> 0 | F51: =B51-3*D51 -> 0 | G51: =D51/B51*100 -> #DIV/0! | H51: =D51/POWER($O$5, 0.5) -> 0 | I51: =H51*$P$5 -> 0 | J51: =I51/B51*100 -> #DIV/0! | K51: =ROUNDUP(POWER(G51*$P$5/$Q$5,2),0) -> #DIV/0! | L51: =B51 & " ± " & (ROUNDUP(I51, 3)) -> ± 0
A52: =A51+1 -> 50 | D52: =POWER(C52/($O$5-1),0.5) -> 0 | E52: =B52+3*D52 -> 0 | F52: =B52-3*D52 -> 0 | G52: =D52/B52*100 -> #DIV/0! | H52: =D52/POWER($O$5, 0.5) -> 0 | I52: =H52*$P$5 -> 0 | J52: =I52/B52*100 -> #DIV/0! | K52: =ROUNDUP(POWER(G52*$P$5/$Q$5,2),0) -> #DIV/0! | L52: =B52 & " ± " & (ROUNDUP(I52, 3)) -> ± 0
A53: =A52+1 -> 51 | B53: 40 | C53: 74400 | D53: =POWER(C53/($O$5-1),0.5) -> 50.650935 | E53: =B53+3*D53 -> 191.95281 | F53: =B53-3*D53 -> -111.95281 | G53: =D53/B53*100 -> 126.62734 | H53: =D53/POWER($O$5, 0.5) -> 9.2475533 | I53: =H53*$P$5 -> 18.495107 | J53: =I53/B53*100 -> 46.237766 | K53: =ROUNDUP(POWER(G53*$P$5/$Q$5,2),0) -> 2566 | L53: =B53 & " ± " & (ROUNDUP(I53, 3)) -> 40 ± 18,496
A54: =A53+1 -> 52 | B54: 68 | C54: 98880 | D54: =POWER(C54/($O$5-1),0.5) -> 58.392253 | E54: =B54+3*D54 -> 243.17676 | F54: =B54-3*D54 -> -107.17676 | G54: =D54/B54*100 -> 85.87096 | H54: =D54/POWER($O$5, 0.5) -> 10.660918 | I54: =H54*$P$5 -> 21.321836 | J54: =I54/B54*100 -> 31.355641 | K54: =ROUNDUP(POWER(G54*$P$5/$Q$5,2),0) -> 1180 | L54: =B54 & " ± " & (ROUNDUP(I54, 3)) -> 68 ± 21,322
A55: =A54+1 -> 53 | D55: =POWER(C55/($O$5-1),0.5) -> 0 | E55: =B55+3*D55 -> 0 | F55: =B55-3*D55 -> 0 | G55: =D55/B55*100 -> #DIV/0! | H55: =D55/POWER($O$5, 0.5) -> 0 | I55: =H55*$P$5 -> 0 | J55: =I55/B55*100 -> #DIV/0! | K55: =ROUNDUP(POWER(G55*$P$5/$Q$5,2),0) -> #DIV/0! | L55: =B55 & " ± " & (ROUNDUP(I55, 3)) -> ± 0
A56: =A55+1 -> 54 | D56: =POWER(C56/($O$5-1),0.5) -> 0 | E56: =B56+3*D56 -> 0 | F56: =B56-3*D56 -> 0 | G56: =D56/B56*100 -> #DIV/0! | H56: =D56/POWER($O$5, 0.5) -> 0 | I56: =H56*$P$5 -> 0 | J56: =I56/B56*100 -> #DIV/0! | K56: =ROUNDUP(POWER(G56*$P$5/$Q$5,2),0) -> #DIV/0! | L56: =B56 & " ± " & (ROUNDUP(I56, 3)) -> ± 0
A57: =A56+1 -> 55 | D57: =POWER(C57/($O$5-1),0.5) -> 0 | E57: =B57+3*D57 -> 0 | F57: =B57-3*D57 -> 0 | G57: =D57/B57*100 -> #DIV/0! | H57: =D57/POWER($O$5, 0.5) -> 0 | I57: =H57*$P$5 -> 0 | J57: =I57/B57*100 -> #DIV/0! | K57: =ROUNDUP(POWER(G57*$P$5/$Q$5,2),0) -> #DIV/0! | L57: =B57 & " ± " & (ROUNDUP(I57, 3)) -> ± 0
A58: =A57+1 -> 56 | B58: 46 | C58: 105720 | D58: =POWER(C58/($O$5-1),0.5) -> 60.378119 | E58: =B58+3*D58 -> 227.13436 | F58: =B58-3*D58 -> -135.13436 | G58: =D58/B58*100 -> 131.25678 | H58: =D58/POWER($O$5, 0.5) -> 11.023486 | I58: =H58*$P$5 -> 22.046972 | J58: =I58/B58*100 -> 47.9282 | K58: =ROUNDUP(POWER(G58*$P$5/$Q$5,2),0) -> 2757 | L58: =B58 & " ± " & (ROUNDUP(I58, 3)) -> 46 ± 22,047
A59: =A58+1 -> 57 | B59: 62 | C59: 161880 | D59: =POWER(C59/($O$5-1),0.5) -> 74.713245 | E59: =B59+3*D59 -> 286.13973 | F59: =B59-3*D59 -> -162.13973 | G59: =D59/B59*100 -> 120.50523 | H59: =D59/POWER($O$5, 0.5) -> 13.64071 | I59: =H59*$P$5 -> 27.28142 | J59: =I59/B59*100 -> 44.00229 | K59: =ROUNDUP(POWER(G59*$P$5/$Q$5,2),0) -> 2324 | L59: =B59 & " ± " & (ROUNDUP(I59, 3)) -> 62 ± 27,282
A60: =A59+1 -> 58 | D60: =POWER(C60/($O$5-1),0.5) -> 0 | E60: =B60+3*D60 -> 0 | F60: =B60-3*D60 -> 0 | G60: =D60/B60*100 -> #DIV/0! | H60: =D60/POWER($O$5, 0.5) -> 0 | I60: =H60*$P$5 -> 0 | J60: =I60/B60*100 -> #DIV/0! | K60: =ROUNDUP(POWER(G60*$P$5/$Q$5,2),0) -> #DIV/0! | L60: =B60 & " ± " & (ROUNDUP(I60, 3)) -> ± 0
A61: =A60+1 -> 59 | D61: =POWER(C61/($O$5-1),0.5) -> 0 | E61: =B61+3*D61 -> 0 | F61: =B61-3*D61 -> 0 | G61: =D61/B61*100 -> #DIV/0! | H61: =D61/POWER($O$5, 0.5) -> 0 | I61: =H61*$P$5 -> 0 | J61: =I61/B61*100 -> #DIV/0! | K61: =ROUNDUP(POWER(G61*$P$5/$Q$5,2),0) -> #DIV/0! | L61: =B61 & " ± " & (ROUNDUP(I61, 3)) -> ± 0
A62: =A61+1 -> 60 | D62: =POWER(C62/($O$5-1),0.5) -> 0 | E62: =B62+3*D62 -> 0 | F62: =B62-3*D62 -> 0 | G62: =D62/B62*100 -> #DIV/0! | H62: =D62/POWER($O$5, 0.5) -> 0 | I62: =H62*$P$5 -> 0 | J62: =I62/B62*100 -> #DIV/0! | K62: =ROUNDUP(POWER(G62*$P$5/$Q$5,2),0) -> #DIV/0! | L62: =B62 & " ± " & (ROUNDUP(I62, 3)) -> ± 0
A63: =A62+1 -> 61 | B63: 22 | C63: 46680 | D63: =POWER(C63/($O$5-1),0.5) -> 40.120508 | E63: =B63+3*D63 -> 142.36152 | F63: =B63-3*D63 -> -98.361524 | G63: =D63/B63*100 -> 182.36595 | H63: =D63/POWER($O$5, 0.5) -> 7.3249691 | I63: =H63*$P$5 -> 14.649938 | J63: =I63/B63*100 -> 66.590628 | K63: =ROUNDUP(POWER(G63*$P$5/$Q$5,2),0) -> 5322 | L63: =B63 & " ± " & (ROUNDUP(I63, 3)) -> 22 ± 14,65
A64: =A63+1 -> 62 | D64: =POWER(C64/($O$5-1),0.5) -> 0 | E64: =B64+3*D64 -> 0 | F64: =B64-3*D64 -> 0 | G64: =D64/B64*100 -> #DIV/0! | H64: =D64/POWER($O$5, 0.5) -> 0 | I64: =H64*$P$5 -> 0 | J64: =I64/B64*100 -> #DIV/0! | K64: =ROUNDUP(POWER(G64*$P$5/$Q$5,2),0) -> #DIV/0! | L64: =B64 & " ± " & (ROUNDUP(I64, 3)) -> ± 0
A65: =A64+1 -> 63 | D65: =POWER(C65/($O$5-1),0.5) -> 0 | E65: =B65+3*D65 -> 0 | F65: =B65-3*D65 -> 0 | G65: =D65/B65*100 -> #DIV/0! | H65: =D65/POWER($O$5, 0.5) -> 0 | I65: =H65*$P$5 -> 0 | J65: =I65/B65*100 -> #DIV/0! | K65: =ROUNDUP(POWER(G65*$P$5/$Q$5,2),0) -> #DIV/0! | L65: =B65 & " ± " & (ROUNDUP(I65, 3)) -> ± 0
A66: =A65+1 -> 64 | D66: =POWER(C66/($O$5-1),0.5) -> 0 | E66: =B66+3*D66 -> 0 | F66: =B66-3*D66 -> 0 | G66: =D66/B66*100 -> #DIV/0! | H66: =D66/POWER($O$5, 0.5) -> 0 | I66: =H66*$P$5 -> 0 | J66: =I66/B66*100 -> #DIV/0! | K66: =ROUNDUP(POWER(G66*$P$5/$Q$5,2),0) -> #DIV/0! | L66: =B66 & " ± " & (ROUNDUP(I66, 3)) -> ± 0
A67: =A66+1 -> 65 | D67: =POWER(C67/($O$5-1),0.5) -> 0 | E67: =B67+3*D67 -> 0 | F67: =B67-3*D67 -> 0 | G67: =D67/B67*100 -> #DIV/0! | H67: =D67/POWER($O$5, 0.5) -> 0 | I67: =H67*$P$5 -> 0 | J67: =I67/B67*100 -> #DIV/0! | K67: =ROUNDUP(POWER(G67*$P$5/$Q$5,2),0) -> #DIV/0! | L67: =B67 & " ± " & (ROUNDUP(I67, 3)) -> ± 0
A68: =A67+1 -> 66 | B68: 60 | C68: 136800 | D68: =POWER(C68/($O$5-1),0.5) -> 68.682177 | E68: =B68+3*D68 -> 266.04653 | F68: =B68-3*D68 -> -146.04653 | G68: =D68/B68*100 -> 114.47029 | H68: =D68/POWER($O$5, 0.5) -> 12.539592 | I68: =H68*$P$5 -> 25.079185 | J68: =I68/B68*100 -> 41.798642 | K68: =ROUNDUP(POWER(G68*$P$5/$Q$5,2),0) -> 2097 | L68: =B68 & " ± " & (ROUNDUP(I68, 3)) -> 60 ± 25,08
A69: =A68+1 -> 67 | D69: =POWER(C69/($O$5-1),0.5) -> 0 | E69: =B69+3*D69 -> 0 | F69: =B69-3*D69 -> 0 | G69: =D69/B69*100 -> #DIV/0! | H69: =D69/POWER($O$5, 0.5) -> 0 | I69: =H69*$P$5 -> 0 | J69: =I69/B69*100 -> #DIV/0! | K69: =ROUNDUP(POWER(G69*$P$5/$Q$5,2),0) -> #DIV/0! | L69: =B69 & " ± " & (ROUNDUP(I69, 3)) -> ± 0
A70: =A69+1 -> 68 | D70: =POWER(C70/($O$5-1),0.5) -> 0 | E70: =B70+3*D70 -> 0 | F70: =B70-3*D70 -> 0 | G70: =D70/B70*100 -> #DIV/0! | H70: =D70/POWER($O$5, 0.5) -> 0 | I70: =H70*$P$5 -> 0 | J70: =I70/B70*100 -> #DIV/0! | K70: =ROUNDUP(POWER(G70*$P$5/$Q$5,2),0) -> #DIV/0! | L70: =B70 & " ± " & (ROUNDUP(I70, 3)) -> ± 0
A71: =A70+1 -> 69 | D71: =POWER(C71/($O$5-1),0.5) -> 0 | E71: =B71+3*D71 -> 0 | F71: =B71-3*D71 -> 0 | G71: =D71/B71*100 -> #DIV/0! | H71: =D71/POWER($O$5, 0.5) -> 0 | I71: =H71*$P$5 -> 0 | J71: =I71/B71*100 -> #DIV/0! | K71: =ROUNDUP(POWER(G71*$P$5/$Q$5,2),0) -> #DIV/0! | L71: =B71 & " ± " & (ROUNDUP(I71, 3)) -> ± 0
A72: =A71+1 -> 70 | D72: =POWER(C72/($O$5-1),0.5) -> 0 | E72: =B72+3*D72 -> 0 | F72: =B72-3*D72 -> 0 | G72: =D72/B72*100 -> #DIV/0! | H72: =D72/POWER($O$5, 0.5) -> 0 | I72: =H72*$P$5 -> 0 | J72: =I72/B72*100 -> #DIV/0! | K72: =ROUNDUP(POWER(G72*$P$5/$Q$5,2),0) -> #DIV/0! | L72: =B72 & " ± " & (ROUNDUP(I72, 3)) -> ± 0
A73: =A72+1 -> 71 | B73: 46 | C73: 112920 | D73: =POWER(C73/($O$5-1),0.5) -> 62.400265 | E73: =B73+3*D73 -> 233.2008 | F73: =B73-3*D73 -> -141.2008 | G73: =D73/B73*100 -> 135.65275 | H73: =D73/POWER($O$5, 0.5) -> 11.392678 | I73: =H73*$P$5 -> 22.785355 | J73: =I73/B73*100 -> 49.533381 | K73: =ROUNDUP(POWER(G73*$P$5/$Q$5,2),0) -> 2945 | L73: =B73 & " ± " & (ROUNDUP(I73, 3)) -> 46 ± 22,786
A74: =A73+1 -> 72 | D74: =POWER(C74/($O$5-1),0.5) -> 0 | E74: =B74+3*D74 -> 0 | F74: =B74-3*D74 -> 0 | G74: =D74/B74*100 -> #DIV/0! | H74: =D74/POWER($O$5, 0.5) -> 0 | I74: =H74*$P$5 -> 0 | J74: =I74/B74*100 -> #DIV/0! | K74: =ROUNDUP(POWER(G74*$P$5/$Q$5,2),0) -> #DIV/0! | L74: =B74 & " ± " & (ROUNDUP(I74, 3)) -> ± 0
A75: =A74+1 -> 73 | D75: =POWER(C75/($O$5-1),0.5) -> 0 | E75: =B75+3*D75 -> 0 | F75: =B75-3*D75 -> 0 | G75: =D75/B75*100 -> #DIV/0! | H75: =D75/POWER($O$5, 0.5) -> 0 | I75: =H75*$P$5 -> 0 | J75: =I75/B75*100 -> #DIV/0! | K75: =ROUNDUP(POWER(G75*$P$5/$Q$5,2),0) -> #DIV/0! | L75: =B75 & " ± " & (ROUNDUP(I75, 3)) -> ± 0
A76: =A75+1 -> 74 | D76: =POWER(C76/($O$5-1),0.5) -> 0 | E76: =B76+3*D76 -> 0 | F76: =B76-3*D76 -> 0 | G76: =D76/B76*100 -> #DIV/0! | H76: =D76/POWER($O$5, 0.5) -> 0 | I76: =H76*$P$5 -> 0 | J76: =I76/B76*100 -> #DIV/0! | K76: =ROUNDUP(POWER(G76*$P$5/$Q$5,2),0) -> #DIV/0! | L76: =B76 & " ± " & (ROUNDUP(I76, 3)) -> ± 0
A77: =A76+1 -> 75 | D77: =POWER(C77/($O$5-1),0.5) -> 0 | E77: =B77+3*D77 -> 0 | F77: =B77-3*D77 -> 0 | G77: =D77/B77*100 -> #DIV/0! | H77: =D77/POWER($O$5, 0.5) -> 0 | I77: =H77*$P$5 -> 0 | J77: =I77/B77*100 -> #DIV/0! | K77: =ROUNDUP(POWER(G77*$P$5/$Q$5,2),0) -> #DIV/0! | L77: =B77 & " ± " & (ROUNDUP(I77, 3)) -> ± 0
A78: =A77+1 -> 76 | B78: 46 | C78: 112920 | D78: =POWER(C78/($O$5-1),0.5) -> 62.400265 | E78: =B78+3*D78 -> 233.2008 | F78: =B78-3*D78 -> -141.2008 | G78: =D78/B78*100 -> 135.65275 | H78: =D78/POWER($O$5, 0.5) -> 11.392678 | I78: =H78*$P$5 -> 22.785355 | J78: =I78/B78*100 -> 49.533381 | K78: =ROUNDUP(POWER(G78*$P$5/$Q$5,2),0) -> 2945 | L78: =B78 & " ± " & (ROUNDUP(I78, 3)) -> 46 ± 22,786
D79: =POWER(C79/($O$5-1),0.5) -> 0 | E79: =B79+3*D79 -> 0 | F79: =B79-3*D79 -> 0 | G79: =D79/B79*100 -> #DIV/0! | H79: =D79/POWER($O$5, 0.5) -> 0 | I79: =H79*$P$5 -> 0 | J79: =I79/B79*100 -> #DIV/0! | K79: =ROUNDUP(POWER(G79*$P$5/$Q$5,2),0) -> #DIV/0! | L79: =B79 & " ± " & (ROUNDUP(I79, 3)) -> ± 0
D80: =POWER(C80/($O$5-1),0.5) -> 0 | E80: =B80+3*D80 -> 0 | F80: =B80-3*D80 -> 0 | G80: =D80/B80*100 -> #DIV/0! | H80: =D80/POWER($O$5, 0.5) -> 0 | I80: =H80*$P$5 -> 0 | J80: =I80/B80*100 -> #DIV/0! | K80: =ROUNDUP(POWER(G80*$P$5/$Q$5,2),0) -> #DIV/0! | L80: =B80 & " ± " & (ROUNDUP(I80, 3)) -> ± 0
A81: Спец. 1 | B81: 2 | C81: 3480 | D81: =POWER(C81/($O$5-1),0.5) -> 10.954451 | E81: =B81+3*D81 -> 34.863353 | F81: =B81-3*D81 -> -30.863353 | G81: =D81/B81*100 -> 547.72256 | H81: =D81/POWER($O$5, 0.5) -> 2 | I81: =H81*$P$5 -> 4 | J81: =I81/B81*100 -> 200 | K81: =ROUNDUP(POWER(G81*$P$5/$Q$5,2),0) -> 48000 | L81: =B81 & " ± " & (ROUNDUP(I81, 3)) -> 2 ± 4
A82: Спец. 2 | B82: 0 | C82: 0 | D82: =POWER(C82/($O$5-1),0.5) -> 0 | E82: =B82+3*D82 -> 0 | F82: =B82-3*D82 -> 0 | G82: =D82/B82*100 -> #DIV/0! | H82: =D82/POWER($O$5, 0.5) -> 0 | I82: =H82*$P$5 -> 0 | J82: =I82/B82*100 -> #DIV/0! | K82: =ROUNDUP(POWER(G82*$P$5/$Q$5,2),0) -> #DIV/0! | L82: =B82 & " ± " & (ROUNDUP(I82, 3)) -> 0 ± 0
A83: Спец. 3 | B83: 384 | C83: 4201920 | D83: =POWER(C83/($O$5-1),0.5) -> 380.64917 | E83: =B83+3*D83 -> 1525.9475 | F83: =B83-3*D83 -> -757.94752 | G83: =D83/B83*100 -> 99.127389 | H83: =D83/POWER($O$5, 0.5) -> 69.496713 | I83: =H83*$P$5 -> 138.99343 | J83: =I83/B83*100 -> 36.196205 | K83: =ROUNDUP(POWER(G83*$P$5/$Q$5,2),0) -> 1573 | L83: =B83 & " ± " & (ROUNDUP(I83, 3)) -> 384 ± 138,994
A84: Спец. 4 | B84: 384 | C84: 4194720 | D84: =POWER(C84/($O$5-1),0.5) -> 380.32291 | E84: =B84+3*D84 -> 1524.9687 | F84: =B84-3*D84 -> -756.96874 | G84: =D84/B84*100 -> 99.042425 | H84: =D84/POWER($O$5, 0.5) -> 69.437146 | I84: =H84*$P$5 -> 138.87429 | J84: =I84/B84*100 -> 36.16518 | K84: =ROUNDUP(POWER(G84*$P$5/$Q$5,2),0) -> 1570 | L84: =B84 & " ± " & (ROUNDUP(I84, 3)) -> 384 ± 138,875
A85: Спец. 5 | B85: 104 | C85: 445920 | D85: =POWER(C85/($O$5-1),0.5) -> 124.00222 | E85: =B85+3*D85 -> 476.00667 | F85: =B85-3*D85 -> -268.00667 | G85: =D85/B85*100 -> 119.23291 | H85: =D85/POWER($O$5, 0.5) -> 22.639605 | I85: =H85*$P$5 -> 45.27921 | J85: =I85/B85*100 -> 43.537702 | K85: =ROUNDUP(POWER(G85*$P$5/$Q$5,2),0) -> 2275 | L85: =B85 & " ± " & (ROUNDUP(I85, 3)) -> 104 ± 45,28
A86: Спец. 6 | B86: 94 | C86: 307320 | D86: =POWER(C86/($O$5-1),0.5) -> 102.9429 | E86: =B86+3*D86 -> 402.82871 | F86: =B86-3*D86 -> -214.82871 | G86: =D86/B86*100 -> 109.51373 | H86: =D86/POWER($O$5, 0.5) -> 18.794717 | I86: =H86*$P$5 -> 37.589434 | J86: =I86/B86*100 -> 39.988759 | K86: =ROUNDUP(POWER(G86*$P$5/$Q$5,2),0) -> 1919 | L86: =B86 & " ± " & (ROUNDUP(I86, 3)) -> 94 ± 37,59
A87: Спец. 7 | B87: 460 | C87: 4041600 | D87: =POWER(C87/($O$5-1),0.5) -> 373.31691 | E87: =B87+3*D87 -> 1579.9507 | F87: =B87-3*D87 -> -659.95074 | G87: =D87/B87*100 -> 81.155851 | H87: =D87/POWER($O$5, 0.5) -> 68.158031 | I87: =H87*$P$5 -> 136.31606 | J87: =I87/B87*100 -> 29.633927 | K87: =ROUNDUP(POWER(G87*$P$5/$Q$5,2),0) -> 1054 | L87: =B87 & " ± " & (ROUNDUP(I87, 3)) -> 460 ± 136,317
A88: Спец. 8 | B88: 916 | C88: 14017920 | D88: =POWER(C88/($O$5-1),0.5) -> 695.25287 | E88: =B88+3*D88 -> 3001.7586 | F88: =B88-3*D88 -> -1169.7586 | G88: =D88/B88*100 -> 75.900968 | H88: =D88/POWER($O$5, 0.5) -> 126.93523 | I88: =H88*$P$5 -> 253.87045 | J88: =I88/B88*100 -> 27.715115 | K88: =ROUNDUP(POWER(G88*$P$5/$Q$5,2),0) -> 922 | L88: =B88 & " ± " & (ROUNDUP(I88, 3)) -> 916 ± 253,871

Sheet l_12
A1: Серия экспериментов\статистика | B1: l_ср [1/м.е.] | C1: Σ((Δli)^2) [1/м.е.^2] | D1: σ [1/м.е.] | E1: l_ср+3*σ [1/м.е.] | F1: l_ср-3*σ [1/м.е.] | G1: kв [%] | H1: σ0 [1/м.е.] | I1: Δl [1/м.е.] | J1: δl [%] | K1: N_мин | L1: l_ист [1/м.е.]
A3: 1 | B3: 0 | C3: 0 | D3: =POWER(C3/($O$5-1),0.5) -> 0 | E3: =B3+3*D3 -> 0 | F3: =B3-3*D3 -> 0 | G3: =D3/B3*100 -> #DIV/0! | H3: =D3/POWER($O$5, 0.5) -> 0 | I3: =H3*$P$5 -> 0 | J3: =I3/B3*100 -> #DIV/0! | K3: =ROUNDUP(POWER(G3*$P$5/$Q$5,2),0) -> #DIV/0! | L3: =B3 & " ± " & (ROUNDUP(I3, 3)) -> 0 ± 0
A4: =A3+1 -> 2 | D4: =POWER(C4/($O$5-1),0.5) -> 0 | E4: =B4+3*D4 -> 0 | F4: =B4-3*D4 -> 0 | G4: =D4/B4*100 -> #DIV/0! | H4: =D4/POWER($O$5, 0.5) -> 0 | I4: =H4*$P$5 -> 0 | J4: =I4/B4*100 -> #DIV/0! | K4: =ROUNDUP(POWER(G4*$P$5/$Q$5,2),0) -> #DIV/0! | L4: =B4 & " ± " & (ROUNDUP(I4, 3)) -> ± 0 | N4: p | O4: N | P4: t_pN | Q4: Δ [%]
A5: =A4+1 -> 3 | D5: =POWER(C5/($O$5-1),0.5) -> 0 | E5: =B5+3*D5 -> 0 | F5: =B5-3*D5 -> 0 | G5: =D5/B5*100 -> #DIV/0! | H5: =D5/POWER($O$5, 0.5) -> 0 | I5: =H5*$P$5 -> 0 | J5: =I5/B5*100 -> #DIV/0! | K5: =ROUNDUP(POWER(G5*$P$5/$Q$5,2),0) -> #DIV/0! | L5: =B5 & " ± " & (ROUNDUP(I5, 3)) -> ± 0 | N5: 0.95 | O5: 30 | P5: 2 | Q5: 5
A6: =A5+1 -> 4 | D6: =POWER(C6/($O$5-1),0.5) -> 0 | E6: =B6+3*D6 -> 0 | F6: =B6-3*D6 -> 0 | G6: =D6/B6*100 -> #DIV/0! | H6: =D6/POWER($O$5, 0.5) -> 0 | I6: =H6*$P$5 -> 0 | J6: =I6/B6*100 -> #DIV/0! | K6: =ROUNDUP(POWER(G6*$P$5/$Q$5,2),0) -> #DIV/0! | L6: =B6 & " ± " & (ROUNDUP(I6, 3)) -> ± 0
A7: =A6+1 -> 5 | D7: =POWER(C7/($O$5-1),0.5) -> 0 | E7: =B7+3*D7 -> 0 | F7: =B7-3*D7 -> 0 | G7: =D7/B7*100 -> #DIV/0! | H7: =D7/POWER($O$5, 0.5) -> 0 | I7: =H7*$P$5 -> 0 | J7: =I7/B7*100 -> #DIV/0! | K7: =ROUNDUP(POWER(G7*$P$5/$Q$5,2),0) -> #DIV/0! | L7: =B7 & " ± " & (ROUNDUP(I7, 3)) -> ± 0
A8: =A7+1 -> 6 | B8: 9.75e-07 | C8: 0 | D8: =POWER(C8/($O$5-1),0.5) -> 0 | E8: =B8+3*D8 -> 9.75e-07 | F8: =B8-3*D8 -> 9.75e-07 | G8: =D8/B8*100 -> 0 | H8: =D8/POWER($O$5, 0.5) -> 0 | I8: =H8*$P$5 -> 0 | J8: =I8/B8*100 -> 0 | K8: =ROUNDUP(POWER(G8*$P$5/$Q$5,2),0) -> 0 | L8: =B8 & " ± " & (ROUNDUP(I8, 3)) -> 0,000000975 ± 0
A9: =A8+1 -> 7 | D9: =POWER(C9/($O$5-1),0.5) -> 0 | E9: =B9+3*D9 -> 0 | F9: =B9-3*D9 -> 0 | G9: =D9/B9*100 -> #DIV/0! | H9: =D9/POWER($O$5, 0.5) -> 0 | I9: =H9*$P$5 -> 0 | J9: =I9/B9*100 -> #DIV/0! | K9: =ROUNDUP(POWER(G9*$P$5/$Q$5,2),0) -> #DIV/0! | L9: =B9 & " ± " & (ROUNDUP(I9, 3)) -> ± 0
A10: =A9+1 -> 8 | D10: =POWER(C10/($O$5-1),0.5) -> 0 | E10: =B10+3*D10 -> 0 | F10: =B10-3*D10 -> 0 | G10: =D10/B10*100 -> #DIV/0! | H10: =D10/POWER($O$5, 0.5) -> 0 | I10: =H10*$P$5 -> 0 | J10: =I10/B10*100 -> #DIV/0! | K10: =ROUNDUP(POWER(G10*$P$5/$Q$5,2),0) -> #DIV/0! | L10: =B10 & " ± " & (ROUNDUP(I10, 3)) -> ± 0
A11: =A10+1 -> 9 | D11: =POWER(C11/($O$5-1),0.5) -> 0 | E11: =B11+3*D11 -> 0 | F11: =B11-3*D11 -> 0 | G11: =D11/B11*100 -> #DIV/0! | H11: =D11/POWER($O$5, 0.5) -> 0 | I11: =H11*$P$5 -> 0 | J11: =I11/B11*100 -> #DIV/0! | K11: =ROUNDUP(POWER(G11*$P$5/$Q$5,2),0) -> #DIV/0! | L11: =B11 & " ± " & (ROUNDUP(I11, 3)) -> ± 0
A12: =A11+1 -> 10 | D12: =POWER(C12/($O$5-1),0.5) -> 0 | E12: =B12+3*D12 -> 0 | F12: =B12-3*D12 -> 0 | G12: =D12/B12*100 -> #DIV/0! | H12: =D12/POWER($O$5, 0.5) -> 0 | I12: =H12*$P$5 -> 0 | J12: =I12/B12*100 -> #DIV/0! | K12: =ROUNDUP(POWER(G12*$P$5/$Q$5,2),0) -> #DIV/0! | L12: =B12 & " ± " & (ROUNDUP(I12, 3)) -> ± 0
A13: =A12+1 -> 11 | B13: 0 | C13: 0 | D13: =POWER(C13/($O$5-1),0.5) -> 0 | E13: =B13+3*D13 -> 0 | F13: =B13-3*D13 -> 0 | G13: =D13/B13*100 -> #DIV/0! | H13: =D13/POWER($O$5, 0.5) -> 0 | I13: =H13*$P$5 -> 0 | J13: =I13/B13*100 -> #DIV/0! | K13: =ROUNDUP(POWER(G13*$P$5/$Q$5,2),0) -> #DIV/0! | L13: =B13 & " ± " & (ROUNDUP(I13, 3)) -> 0 ± 0
A14: =A13+1 -> 12 | D14: =POWER(C14/($O$5-1),0.5) -> 0 | E14: =B14+3*D14 -> 0 | F14: =B14-3*D14 -> 0 | G14: =D14/B14*100 -> #DIV/0! | H14: =D14/POWER($O$5, 0.5) -> 0 | I14: =H14*$P$5 -> 0 | J14: =I14/B14*100 -> #DIV/0! | K14: =ROUNDUP(POWER(G14*$P$5/$Q$5,2),0) -> #DIV/0! | L14: =B14 & " ± " & (ROUNDUP(I14, 3)) -> ± 0
A15: =A14+1 -> 13 | D15: =POWER(C15/($O$5-1),0.5) -> 0 | E15: =B15+3*D15 -> 0 | F15: =B15-3*D15 -> 0 | G15: =D15/B15*100 -> #DIV/0! | H15: =D15/POWER($O$5, 0.5) -> 0 | I15: =H15*$P$5 -> 0 | J15: =I15/B15*100 -> #DIV/0! | K15: =ROUNDUP(POWER(G15*$P$5/$Q$5,2),0) -> #DIV/0! | L15: =B15 & " ± " & (ROUNDUP(I15, 3)) -> ± 0
A16: =A15+1 -> 14 | D16: =POWER(C16/($O$5-1),0.5) -> 0 | E16: =B16+3*D16 -> 0 | F16: =B16-3*D16 -> 0 | G16: =D16/B16*100 -> #DIV/0! | H16: =D16/POWER($O$5, 0.5) -> 0 | I16: =H16*$P$5 -> 0 | J16: =I16/B16*100 -> #DIV/0! | K16: =ROUNDUP(POWER(G16*$P$5/$Q$5,2),0) -> #DIV/0! | L16: =B16 & " ± " & (ROUNDUP(I16, 3)) -> ± 0
A17: =A16+1 -> 15 | D17: =POWER(C17/($O$5-1),0.5) -> 0 | E17: =B17+3*D17 -> 0 | F17: =B17-3*D17 -> 0 | G17: =D17/B17*100 -> #DIV/0! | H17: =D17/POWER($O$5, 0.5) -> 0 | I17: =H17*$P$5 -> 0 | J17: =I17/B17*100 -> #DIV/0! | K17: =ROUNDUP(POWER(G17*$P$5/$Q$5,2),0) -> #DIV/0! | L17: =B17 & " ± " & (ROUNDUP(I17, 3)) -> ± 0
A18: =A17+1 -> 16 | B18: 0.00028265 | C18: 2.48e-06 | D18: =POWER(C18/($O$5-1),0.5) -> 0.00029243331 | E18: =B18+3*D18 -> 0.0011599499 | F18: =B18-3*D18 -> -0.00059464993 | G18: =D18/B18*100 -> 103.46128 | H18: =D18/POWER($O$5, 0.5) -> 5.3390774e-05 | I18: =H18*$P$5 -> 0.00010678155 | J18: =I18/B18*100 -> 37.778718 | K18: =ROUNDUP(POWER(G18*$P$5/$Q$5,2),0) -> 1713 | L18: =B18 & " ± " & (ROUNDUP(I18, 3)) -> 0,00028265 ± 0,001
A19: =A18+1 -> 17 | D19: =POWER(C19/($O$5-1),0.5) -> 0 | E19: =B19+3*D19 -> 0 | F19: =B19-3*D19 -> 0 | G19: =D19/B19*100 -> #DIV/0! | H19: =D19/POWER($O$5, 0.5) -> 0 | I19: =H19*$P$5 -> 0 | J19: =I19/B19*100 -> #DIV/0! | K19: =ROUNDUP(POWER(G19*$P$5/$Q$5,2),0) -> #DIV/0! | L19: =B19 & " ± " & (ROUNDUP(I19, 3)) -> ± 0
A20: =A19+1 -> 18 | D20: =POWER(C20/($O$5-1),0.5) -> 0 | E20: =B20+3*D20 -> 0 | F20: =B20-3*D20 -> 0 | G20: =D20/B20*100 -> #DIV/0! | H20: =D20/POWER($O$5, 0.5) -> 0 | I20: =H20*$P$5 -> 0 | J20: =I20/B20*100 -> #DIV/0! | K20: =ROUNDUP(POWER(G20*$P$5/$Q$5,2),0) -> #DIV/0! | L20: =B20 & " ± " & (ROUNDUP(I20, 3)) -> ± 0
A21: =A20+1 -> 19 | D21: =POWER(C21/($O$5-1),0.5) -> 0 | E21: =B21+3*D21 -> 0 | F21: =B21-3*D21 -> 0 | G21: =D21/B21*100 -> #DIV/0! | H21: =D21/POWER($O$5, 0.5) -> 0 | I21: =H21*$P$5 -> 0 | J21: =I21/B21*100 -> #DIV/0! | K21: =ROUNDUP(POWER(G21*$P$5/$Q$5,2),0) -> #DIV/0! | L21: =B21 & " ± " & (ROUNDUP(I21, 3)) -> ± 0
A22: =A21+1 -> 20 | D22: =POWER(C22/($O$5-1),0.5) -> 0 | E22: =B22+3*D22 -> 0 | F22: =B22-3*D22 -> 0 | G22: =D22/B22*100 -> #DIV/0! | H22: =D22/POWER($O$5, 0.5) -> 0 | I22: =H22*$P$5 -> 0 | J22: =I22/B22*100 -> #DIV/0! | K22: =ROUNDUP(POWER(G22*$P$5/$Q$5,2),0) -> #DIV/0! | L22: =B22 & " ± " & (ROUNDUP(I22, 3)) -> ± 0
A23: =A22+1 -> 21 | B23: 8.772e-05 | C23: 7.1e-07 | D23: =POWER(C23/($O$5-1),0.5) -> 0.00015646967 | E23: =B23+3*D23 -> 0.00055712902 | F23: =B23-3*D23 -> -0.00038168902 | G23: =D23/B23*100 -> 178.374 | H23: =D23/POWER($O$5, 0.5) -> 2.8567323e-05 | I23: =H23*$P$5 -> 5.7134646e-05 | J23: =I23/B23*100 -> 65.132976 | K23: =ROUNDUP(POWER(G23*$P$5/$Q$5,2),0) -> 5091 | L23: =B23 & " ± " & (ROUNDUP(I23, 3)) -> 0,00008772 ± 0,001
A24: =A23+1 -> 22 | D24: =POWER(C24/($O$5-1),0.5) -> 0 | E24: =B24+3*D24 -> 0 | F24: =B24-3*D24 -> 0 | G24: =D24/B24*100 -> #DIV/0! | H24: =D24/POWER($O$5, 0.5) -> 0 | I24: =H24*$P$5 -> 0 | J24: =I24/B24*100 -> #DIV/0! | K24: =ROUNDUP(POWER(G24*$P$5/$Q$5,2),0) -> #DIV/0! | L24: =B24 & " ± " & (ROUNDUP(I24, 3)) -> ± 0
A25: =A24+1 -> 23 | D25: =POWER(C25/($O$5-1),0.5) -> 0 | E25: =B25+3*D25 -> 0 | F25: =B25-3*D25 -> 0 | G25: =D25/B25*100 -> #DIV/0! | H25: =D25/POWER($O$5, 0.5) -> 0 | I25: =H25*$P$5 -> 0 | J25: =I25/B25*100 -> #DIV/0! | K25: =ROUNDUP(POWER(G25*$P$5/$Q$5,2),0) -> #DIV/0! | L25: =B25 & " ± " & (ROUNDUP(I25, 3)) -> ± 0
A26: =A25+1 -> 24 | D26: =POWER(C26/($O$5-1),0.5) -> 0 | E26: =B26+3*D26 -> 0 | F26: =B26-3*D26 -> 0 | G26: =D26/B26*100 -> #DIV/0! | H26: =D26/POWER($O$5, 0.5) -> 0 | I26: =H26*$P$5 -> 0 | J26: =I26/B26*100 -> #DIV/0! | K26: =ROUNDUP(POWER(G26*$P$5/$Q$5,2),0) -> #DIV/0! | L26: =B26 & " ± " & (ROUNDUP(I26, 3)) -> ± 0
A27: =A26+1 -> 25 | D27: =POWER(C27/($O$5-1),0.5) -> 0 | E27: =B27+3*D27 -> 0 | F27: =B27-3*D27 -> 0 | G27: =D27/B27*100 -> #DIV/0! | H27: =D27/POWER($O$5, 0.5) -> 0 | I27: =H27*$P$5 -> 0 | J27: =I27/B27*100 -> #DIV/0! | K27: =ROUNDUP(POWER(G27*$P$5/$Q$5,2),0) -> #DIV/0! | L27: =B27 & " ± " & (ROUNDUP(I27, 3)) -> ± 0
A28: =A27+1 -> 26 | B28: 0.00090643 | C28: 2.793e-05 | D28: =POWER(C28/($O$5-1),0.5) -> 0.00098137834 | E28: =B28+3*D28 -> 0.003850565 | F28: =B28-3*D28 -> -0.002037705 | G28: =D28/B28*100 -> 108.26852 | H28: =D28/POWER($O$5, 0.5) -> 0.00017917435 | I28: =H28*$P$5 -> 0.0003583487 | J28: =I28/B28*100 -> 39.534074 | K28: =ROUNDUP(POWER(G28*$P$5/$Q$5,2),0) -> 1876 | L28: =B28 & " ± " & (ROUNDUP(I28, 3)) -> 0,00090643 ± 0,001
A29: =A28+1 -> 27 | D29: =POWER(C29/($O$5-1),0.5) -> 0 | E29: =B29+3*D29 -> 0 | F29: =B29-3*D29 -> 0 | G29: =D29/B29*100 -> #DIV/0! | H29: =D29/POWER($O$5, 0.5) -> 0 | I29: =H29*$P$5 -> 0 | J29: =I29/B29*100 -> #DIV/0! | K29: =ROUNDUP(POWER(G29*$P$5/$Q$5,2),0) -> #DIV/0! | L29: =B29 & " ± " & (ROUNDUP(I29, 3)) -> ± 0
A30: =A29+1 -> 28 | D30: =POWER(C30/($O$5-1),0.5) -> 0 | E30: =B30+3*D30 -> 0 | F30: =B30-3*D30 -> 0 | G30: =D30/B30*100 -> #DIV/0! | H30: =D30/POWER($O$5, 0.5) -> 0 | I30: =H30*$P$5 -> 0 | J30: =I30/B30*100 -> #DIV/0! | K30: =ROUNDUP(POWER(G30*$P$5/$Q$5,2),0) -> #DIV/0! | L30: =B30 & " ± " & (ROUNDUP(I30, 3)) -> ± 0
A31: =A30+1 -> 29 | D31: =POWER(C31/($O$5-1),0.5) -> 0 | E31: =B31+3*D31 -> 0 | F31: =B31-3*D31 -> 0 | G31: =D31/B31*100 -> #DIV/0! | H31: =D31/POWER($O$5, 0.5) -> 0 | I31: =H31*$P$5 -> 0 | J31: =I31/B31*100 -> #DIV/0! | K31: =ROUNDUP(POWER(G31*$P$5/$Q$5,2),0) -> #DIV/0! | L31: =B31 & " ± " & (ROUNDUP(I31, 3)) -> ± 0
A32: =A31+1 -> 30 | D32: =POWER(C32/($O$5-1),0.5) -> 0 | E32: =B32+3*D32 -> 0 | F32: =B32-3*D32 -> 0 | G32: =D32/B32*100 -> #DIV/0! | H32: =D32/POWER($O$5, 0.5) -> 0 | I32: =H32*$P$5 -> 0 | J32: =I32/B32*100 -> #DIV/0! | K32: =ROUNDUP(POWER(G32*$P$5/$Q$5,2),0) -> #DIV/0! | L32: =B32 & " ± " & (ROUNDUP(I32, 3)) -> ± 0
A33: =A32+1 -> 31 | B33: 0.00015595 | C33: 1.66e-06 | D33: =POWER(C33/($O$5-1),0.5) -> 0.00023925171 | E33: =B33+3*D33 -> 0.00087370512 | F33: =B33-3*D33 -> -0.00056180512 | G33: =D33/B33*100 -> 153.41565 | H33: =D33/POWER($O$5, 0.5) -> 4.3681186e-05 | I33: =H33*$P$5 -> 8.7362371e-05 | J33: =I33/B33*100 -> 56.019475 | K33: =ROUNDUP(POWER(G33*$P$5/$Q$5,2),0) -> 3766 | L33: =B33 & " ± " & (ROUNDUP(I33, 3)) -> 0,00015595 ± 0,001
A34: =A33+1 -> 32 | D34: =POWER(C34/($O$5-1),0.5) -> 0 | E34: =B34+3*D34 -> 0 | F34: =B34-3*D34 -> 0 | G34: =D34/B34*100 -> #DIV/0! | H34: =D34/POWER($O$5, 0.5) -> 0 | I34: =H34*$P$5 -> 0 | J34: =I34/B34*100 -> #DIV/0! | K34: =ROUNDUP(POWER(G34*$P$5/$Q$5,2),0) -> #DIV/0! | L34: =B34 & " ± " & (ROUNDUP(I34, 3)) -> ± 0
A35: =A34+1 -> 33 | D35: =POWER(C35/($O$5-1),0.5) -> 0 | E35: =B35+3*D35 -> 0 | F35: =B35-3*D35 -> 0 | G35: =D35/B35*100 -> #DIV/0! | H35: =D35/POWER($O$5, 0.5) -> 0 | I35: =H35*$P$5 -> 0 | J35: =I35/B35*100 -> #DIV/0! | K35: =ROUNDUP(POWER(G35*$P$5/$Q$5,2),0) -> #DIV/0! | L35: =B35 & " ± " & (ROUNDUP(I35, 3)) -> ± 0
A36: =A35+1 -> 34 | D36: =POWER(C36/($O$5-1),0.5) -> 0 | E36: =B36+3*D36 -> 0 | F36: =B36-3*D36 -> 0 | G36: =D36/B36*100 -> #DIV/0! | H36: =D36/POWER($O$5, 0.5) -> 0 | I36: =H36*$P$5 -> 0 | J36: =I36/B36*100 -> #DIV/0! | K36: =ROUNDUP(POWER(G36*$P$5/$Q$5,2),0) -> #DIV/0! | L36: =B36 & " ± " & (ROUNDUP(I36, 3)) -> ± 0
A37: =A36+1 -> 35 | D37: =POWER(C37/($O$5-1),0.5) -> 0 | E37: =B37+3*D37 -> 0 | F37: =B37-3*D37 -> 0 | G37: =D37/B37*100 -> #DIV/0! | H37: =D37/POWER($O$5, 0.5) -> 0 | I37: =H37*$P$5 -> 0 | J37: =I37/B37*100 -> #DIV/0! | K37: =ROUNDUP(POWER(G37*$P$5/$Q$5,2),0) -> #DIV/0! | L37: =B37 & " ± " & (ROUNDUP(I37, 3)) -> ± 0
A38: =A37+1 -> 36 | B38: 0.00016569 | C38: 1.48e-06 | D38: =POWER(C38/($O$5-1),0.5) -> 0.00022590813 | E38: =B38+3*D38 -> 0.00084341439 | F38: =B38-3*D38 -> -0.00051203439 | G38: =D38/B38*100 -> 136.34385 | H38: =D38/POWER($O$5, 0.5) -> 4.1244993e-05 | I38: =H38*$P$5 -> 8.2489985e-05 | J38: =I38/B38*100 -> 49.785736 | K38: =ROUNDUP(POWER(G38*$P$5/$Q$5,2),0) -> 2975 | L38: =B38 & " ± " & (ROUNDUP(I38, 3)) -> 0,00016569 ± 0,001
A39: =A38+1 -> 37 | D39: =POWER(C39/($O$5-1),0.5) -> 0 | E39: =B39+3*D39 -> 0 | F39: =B39-3*D39 -> 0 | G39: =D39/B39*100 -> #DIV/0! | H39: =D39/POWER($O$5, 0.5) -> 0 | I39: =H39*$P$5 -> 0 | J39: =I39/B39*100 -> #DIV/0! | K39: =ROUNDUP(POWER(G39*$P$5/$Q$5,2),0) -> #DIV/0! | L39: =B39 & " ± " & (ROUNDUP(I39, 3)) -> ± 0
A40: =A39+1 -> 38 | D40: =POWER(C40/($O$5-1),0.5) -> 0 | E40: =B40+3*D40 -> 0 | F40: =B40-3*D40 -> 0 | G40: =D40/B40*100 -> #DIV/0! | H40: =D40/POWER($O$5, 0.5) -> 0 | I40: =H40*$P$5 -> 0 | J40: =I40/B40*100 -> #DIV/0! | K40: =ROUNDUP(POWER(G40*$P$5/$Q$5,2),0) -> #DIV/0! | L40: =B40 & " ± " & (ROUNDUP(I40, 3)) -> ± 0
A41: =A40+1 -> 39 | D41: =POWER(C41/($O$5-1),0.5) -> 0 | E41: =B41+3*D41 -> 0 | F41: =B41-3*D41 -> 0 | G41: =D41/B41*100 -> #DIV/0! | H41: =D41/POWER($O$5, 0.5) -> 0 | I41: =H41*$P$5 -> 0 | J41: =I41/B41*100 -> #DIV/0! | K41: =ROUNDUP(POWER(G41*$P$5/$Q$5,2),0) -> #DIV/0! | L41: =B41 & " ± " & (ROUNDUP(I41, 3)) -> ± 0
A42: =A41+1 -> 40 | D42: =POWER(C42/($O$5-1),0.5) -> 0 | E42: =B42+3*D42 -> 0 | F42: =B42-3*D42 -> 0 | G42: =D42/B42*100 -> #DIV/0! | H42: =D42/POWER($O$5, 0.5) -> 0 | I42: =H42*$P$5 -> 0 | J42: =I42/B42*100 -> #DIV/0! | K42: =ROUNDUP(POWER(G42*$P$5/$Q$5,2),0) -> #DIV/0! | L42: =B42 & " ± " & (ROUNDUP(I42, 3)) -> ± 0
A43: =A42+1 -> 41 | B43: 4.873e-05 | C43: 3.6e-07 | D43: =POWER(C43/($O$5-1),0.5) -> 0.0001114172 | E43: =B43+3*D43 -> 0.00038298161 | F43: =B43-3*D43 -> -0.00028552161 | G43: =D43/B43*100 -> 228.64191 | H43: =D43/POWER($O$5, 0.5) -> 2.0341905e-05 | I43: =H43*$P$5 -> 4.068381e-05 | J43: =I43/B43*100 -> 83.488221 | K43: =ROUNDUP(POWER(G43*$P$5/$Q$5,2),0) -> 8365 | L43: =B43 & " ± " & (ROUNDUP(I43, 3)) -> 0,00004873 ± 0,001
A44: =A43+1 -> 42 | D44: =POWER(C44/($O$5-1),0.5) -> 0 | E44: =B44+3*D44 -> 0 | F44: =B44-3*D44 -> 0 | G44: =D44/B44*100 -> #DIV/0! | H44: =D44/POWER($O$5, 0.5) -> 0 | I44: =H44*$P$5 -> 0 | J44: =I44/B44*100 -> #DIV/0! | K44: =ROUNDUP(POWER(G44*$P$5/$Q$5,2),0) -> #DIV/0! | L44: =B44 & " ± " & (ROUNDUP(I44, 3)) -> ± 0
A45: =A44+1 -> 43 | D45: =POWER(C45/($O$5-1),0.5) -> 0 | E45: =B45+3*D45 -> 0 | F45: =B45-3*D45 -> 0 | G45: =D45/B45*100 -> #DIV/0! | H45: =D45/POWER($O$5, 0.5) -> 0 | I45: =H45*$P$5 -> 0 | J45: =I45/B45*100 -> #DIV/0! | K45: =ROUNDUP(POWER(G45*$P$5/$Q$5,2),0) -> #DIV/0! | L45: =B45 & " ± " & (ROUNDUP(I45, 3)) -> ± 0
A46: =A45+1 -> 44 | D46: =POWER(C46/($O$5-1),0.5) -> 0 | E46: =B46+3*D46 -> 0 | F46: =B46-3*D46 -> 0 | G46: =D46/B46*100 -> #DIV/0! | H46: =D46/POWER($O$5, 0.5) -> 0 | I46: =H46*$P$5 -> 0 | J46: =I46/B46*100 -> #DIV/0! | K46: =ROUNDUP(POWER(G46*$P$5/$Q$5,2),0) -> #DIV/0! | L46: =B46 & " ± " & (ROUNDUP(I46, 3)) -> ± 0
A47: =A46+1 -> 45 | D47: =POWER(C47/($O$5-1),0.5) -> 0 | E47: =B47+3*D47 -> 0 | F47: =B47-3*D47 -> 0 | G47: =D47/B47*100 -> #DIV/0! | H47: =D47/POWER($O$5, 0.5) -> 0 | I47: =H47*$P$5 -> 0 | J47: =I47/B47*100 -> #DIV/0! | K47: =ROUNDUP(POWER(G47*$P$5/$Q$5,2),0) -> #DIV/0! | L47: =B47 & " ± " & (ROUNDUP(I47, 3)) -> ± 0
A48: =A47+1 -> 46 | B48: 0.00022417 | C48: 1.83e-06 | D48: =POWER(C48/($O$5-1),0.5) -> 0.000251204 | E48: =B48+3*D48 -> 0.00097778199 | F48: =B48-3*D48 -> -0.00052944199 | G48: =D48/B48*100 -> 112.0596 | H48: =D48/POWER($O$5, 0.5) -> 4.5863365e-05 | I48: =H48*$P$5 -> 9.1726731e-05 | J48: =I48/B48*100 -> 40.918379 | K48: =ROUNDUP(POWER(G48*$P$5/$Q$5,2),0) -> 2010 | L48: =B48 & " ± " & (ROUNDUP(I48, 3)) -> 0,00022417 ± 0,001
A49: =A48+1 -> 47 | D49: =POWER(C49/($O$5-1),0.5) -> 0 | E49: =B49+3*D49 -> 0 | F49: =B49-3*D49 -> 0 | G49: =D49/B49*100 -> #DIV/0! | H49: =D49/POWER($O$5, 0.5) -> 0 | I49: =H49*$P$5 -> 0 | J49: =I49/B49*100 -> #DIV/0! | K49: =ROUNDUP(POWER(G49*$P$5/$Q$5,2),0) -> #DIV/0! | L49: =B49 & " ± " & (ROUNDUP(I49, 3)) -> ± 0
A50: =A49+1 -> 48 | D50: =POWER(C50/($O$5-1),0.5) -> 0 | E50: =B50+3*D50 -> 0 | F50: =B50-3*D50 -> 0 | G50: =D50/B50*100 -> #DIV/0! | H50: =D50/POWER($O$5, 0.5) -> 0 | I50: =H50*$P$5 -> 0 | J50: =I50/B50*100 -> #DIV/0! | K50: =ROUNDUP(POWER(G50*$P$5/$Q$5,2),0) -> #DIV/0! | L50: =B50 & " ± " & (ROUNDUP(I50, 3)) -> ± 0
A51: =A50+1 -> 49 | D51: =POWER(C51/($O$5-1),0.5) -> 0 | E51: =B51+3*D51 -> 0 | F51: =B51-3*D51 -> 0 | G51: =D51/B51*100 -> #DIV/0! | H51: =D51/POWER($O$5, 0.5) -> 0 | I51: =H51*$P$5 -> 0 | J51: =I51/B51*100 -> #DIV/0! | K51: =ROUNDUP(POWER(G51*$P$5/$Q$5,2),0) -> #DIV/0! | L51: =B51 & " ± " & (ROUNDUP(I51, 3)) -> ± 0
A52: =A51+1 -> 50 | D52: =POWER(C52/($O$5-1),0.5) -> 0 | E52: =B52+3*D52 -> 0 | F52: =B52-3*D52 -> 0 | G52: =D52/B52*100 -> #DIV/0! | H52: =D52/POWER($O$5, 0.5) -> 0 | I52: =H52*$P$5 -> 0 | J52: =I52/B52*100 -> #DIV/0! | K52: =ROUNDUP(POWER(G52*$P$5/$Q$5,2),0) -> #DIV/0! | L52: =B52 & " ± " & (ROUNDUP(I52, 3)) -> ± 0
A53: =A52+1 -> 51 | B53: 0.00030214 | C53: 3.16e-06 | D53: =POWER(C53/($O$5-1),0.5) -> 0.00033009925 | E53: =B53+3*D53 -> 0.0012924378 | F53: =B53-3*D53 -> -0.00068815776 | G53: =D53/B53*100 -> 109.25374 | H53: =D53/POWER($O$5, 0.5) -> 6.0267602e-05 | I53: =H53*$P$5 -> 0.0001205352 | J53: =I53/B53*100 -> 39.893826 | K53: =ROUNDUP(POWER(G53*$P$5/$Q$5,2),0) -> 1910 | L53: =B53 & " ± " & (ROUNDUP(I53, 3)) -> 0,00030214 ± 0,001
A54: =A53+1 -> 52 | B54: 0.00012671 | C54: 1.83e-06 | D54: =POWER(C54/($O$5-1),0.5) -> 0.000251204 | E54: =B54+3*D54 -> 0.00088032199 | F54: =B54-3*D54 -> -0.00062690199 | G54: =D54/B54*100 -> 198.25112 | H54: =D54/POWER($O$5, 0.5) -> 4.5863365e-05 | I54: =H54*$P$5 -> 9.1726731e-05 | J54: =I54/B54*100 -> 72.391075 | K54: =ROUNDUP(POWER(G54*$P$5/$Q$5,2),0) -> 6289 | L54: =B54 & " ± " & (ROUNDUP(I54, 3)) -> 0,00012671 ± 0,001
A55: =A54+1 -> 53 | D55: =POWER(C55/($O$5-1),0.5) -> 0 | E55: =B55+3*D55 -> 0 | F55: =B55-3*D55 -> 0 | G55: =D55/B55*100 -> #DIV/0! | H55: =D55/POWER($O$5, 0.5) -> 0 | I55: =H55*$P$5 -> 0 | J55: =I55/B55*100 -> #DIV/0! | K55: =ROUNDUP(POWER(G55*$P$5/$Q$5,2),0) -> #DIV/0! | L55: =B55 & " ± " & (ROUNDUP(I55, 3)) -> ± 0
A56: =A55+1 -> 54 | D56: =POWER(C56/($O$5-1),0.5) -> 0 | E56: =B56+3*D56 -> 0 | F56: =B56-3*D56 -> 0 | G56: =D56/B56*100 -> #DIV/0! | H56: =D56/POWER($O$5, 0.5) -> 0 | I56: =H56*$P$5 -> 0 | J56: =I56/B56*100 -> #DIV/0! | K56: =ROUNDUP(POWER(G56*$P$5/$Q$5,2),0) -> #DIV/0! | L56: =B56 & " ± " & (ROUNDUP(I56, 3)) -> ± 0
A57: =A56+1 -> 55 | D57: =POWER(C57/($O$5-1),0.5) -> 0 | E57: =B57+3*D57 -> 0 | F57: =B57-3*D57 -> 0 | G57: =D57/B57*100 -> #DIV/0! | H57: =D57/POWER($O$5, 0.5) -> 0 | I57: =H57*$P$5 -> 0 | J57: =I57/B57*100 -> #DIV/0! | K57: =ROUNDUP(POWER(G57*$P$5/$Q$5,2),0) -> #DIV/0! | L57: =B57 & " ± " & (ROUNDUP(I57, 3)) -> ± 0
A58: =A57+1 -> 56 | B58: 0.00040936 | C58: 3.86e-06 | D58: =POWER(C58/($O$5-1),0.5) -> 0.00036483345 | E58: =B58+3*D58 -> 0.0015038604 | F58: =B58-3*D58 -> -0.00068514036 | G58: =D58/B58*100 -> 89.122888 | H58: =D58/POWER($O$5, 0.5) -> 6.6609171e-05 | I58: =H58*$P$5 -> 0.00013321834 | J58: =I58/B58*100 -> 32.543077 | K58: =ROUNDUP(POWER(G58*$P$5/$Q$5,2),0) -> 1271 | L58: =B58 & " ± " & (ROUNDUP(I58, 3)) -> 0,00040936 ± 0,001
A59: =A58+1 -> 57 | B59: 0.00037037 | C59: 4.78e-06 | D59: =POWER(C59/($O$5-1),0.5) -> 0.00040598964 | E59: =B59+3*D59 -> 0.0015883389 | F59: =B59-3*D59 -> -0.00084759891 | G59: =D59/B59*100 -> 109.61731 | H59: =D59/POWER($O$5, 0.5) -> 7.4123228e-05 | I59: =H59*$P$5 -> 0.00014824646 | J59: =I59/B59*100 -> 40.026583 | K59: =ROUNDUP(POWER(G59*$P$5/$Q$5,2),0) -> 1923 | L59: =B59 & " ± " & (ROUNDUP(I59, 3)) -> 0,00037037 ± 0,001
A60: =A59+1 -> 58 | D60: =POWER(C60/($O$5-1),0.5) -> 0 | E60: =B60+3*D60 -> 0 | F60: =B60-3*D60 -> 0 | G60: =D60/B60*100 -> #DIV/0! | H60: =D60/POWER($O$5, 0.5) -> 0 | I60: =H60*$P$5 -> 0 | J60: =I60/B60*100 -> #DIV/0! | K60: =ROUNDUP(POWER(G60*$P$5/$Q$5,2),0) -> #DIV/0! | L60: =B60 & " ± " & (ROUNDUP(I60, 3)) -> ± 0
A61: =A60+1 -> 59 | D61: =POWER(C61/($O$5-1),0.5) -> 0 | E61: =B61+3*D61 -> 0 | F61: =B61-3*D61 -> 0 | G61: =D61/B61*100 -> #DIV/0! | H61: =D61/POWER($O$5, 0.5) -> 0 | I61: =H61*$P$5 -> 0 | J61: =I61/B61*100 -> #DIV/0! | K61: =ROUNDUP(POWER(G61*$P$5/$Q$5,2),0) -> #DIV/0! | L61: =B61 & " ± " & (ROUNDUP(I61, 3)) -> ± 0
A62: =A61+1 -> 60 | D62: =POWER(C62/($O$5-1),0.5) -> 0 | E62: =B62+3*D62 -> 0 | F62: =B62-3*D62 -> 0 | G62: =D62/B62*100 -> #DIV/0! | H62: =D62/POWER($O$5, 0.5) -> 0 | I62: =H62*$P$5 -> 0 | J62: =I62/B62*100 -> #DIV/0! | K62: =ROUNDUP(POWER(G62*$P$5/$Q$5,2),0) -> #DIV/0! | L62: =B62 & " ± " & (ROUNDUP(I62, 3)) -> ± 0
A63: =A62+1 -> 61 | B63: 0.00011696 | C63: 1.3e-06 | D63: =POWER(C63/($O$5-1),0.5) -> 0.00021172526 | E63: =B63+3*D63 -> 0.00075213578 | F63: =B63-3*D63 -> -0.00051821578 | G63: =D63/B63*100 -> 181.02365 | H63: =D63/POWER($O$5, 0.5) -> 3.8655567e-05 | I63: =H63*$P$5 -> 7.7311134e-05 | J63: =I63/B63*100 -> 66.100491 | K63: =ROUNDUP(POWER(G63*$P$5/$Q$5,2),0) -> 5244 | L63: =B63 & " ± " & (ROUNDUP(I63, 3)) -> 0,00011696 ± 0,001
A64: =A63+1 -> 62 | D64: =POWER(C64/($O$5-1),0.5) -> 0 | E64: =B64+3*D64 -> 0 | F64: =B64-3*D64 -> 0 | G64: =D64/B64*100 -> #DIV/0! | H64: =D64/POWER($O$5, 0.5) -> 0 | I64: =H64*$P$5 -> 0 | J64: =I64/B64*100 -> #DIV/0! | K64: =ROUNDUP(POWER(G64*$P$5/$Q$5,2),0) -> #DIV/0! | L64: =B64 & " ± " & (ROUNDUP(I64, 3)) -> ± 0
A65: =A64+1 -> 63 | D65: =POWER(C65/($O$5-1),0.5) -> 0 | E65: =B65+3*D65 -> 0 | F65: =B65-3*D65 -> 0 | G65: =D65/B65*100 -> #DIV/0! | H65: =D65/POWER($O$5, 0.5) -> 0 | I65: =H65*$P$5 -> 0 | J65: =I65/B65*100 -> #DIV/0! | K65: =ROUNDUP(POWER(G65*$P$5/$Q$5,2),0) -> #DIV/0! | L65: =B65 & " ± " & (ROUNDUP(I65, 3)) -> ± 0
A66: =A65+1 -> 64 | D66: =POWER(C66/($O$5-1),0.5) -> 0 | E66: =B66+3*D66 -> 0 | F66: =B66-3*D66 -> 0 | G66: =D66/B66*100 -> #DIV/0! | H66: =D66/POWER($O$5, 0.5) -> 0 | I66: =H66*$P$5 -> 0 | J66: =I66/B66*100 -> #DIV/0! | K66: =ROUNDUP(POWER(G66*$P$5/$Q$5,2),0) -> #DIV/0! | L66: =B66 & " ± " & (ROUNDUP(I66, 3)) -> ± 0
A67: =A66+1 -> 65 | D67: =POWER(C67/($O$5-1),0.5) -> 0 | E67: =B67+3*D67 -> 0 | F67: =B67-3*D67 -> 0 | G67: =D67/B67*100 -> #DIV/0! | H67: =D67/POWER($O$5, 0.5) -> 0 | I67: =H67*$P$5 -> 0 | J67: =I67/B67*100 -> #DIV/0! | K67: =ROUNDUP(POWER(G67*$P$5/$Q$5,2),0) -> #DIV/0! | L67: =B67 & " ± " & (ROUNDUP(I67, 3)) -> ± 0
A68: =A67+1 -> 66 | B68: 0.00037037 | C68: 3.75e-06 | D68: =POWER(C68/($O$5-1),0.5) -> 0.00035959748 | E68: =B68+3*D68 -> 0.0014491624 | F68: =B68-3*D68 -> -0.00070842243 | G68: =D68/B68*100 -> 97.091416 | H68: =D68/POWER($O$5, 0.5) -> 6.5653216e-05 | I68: =H68*$P$5 -> 0.00013130643 | J68: =I68/B68*100 -> 35.452772 | K68: =ROUNDUP(POWER(G68*$P$5/$Q$5,2),0) -> 1509 | L68: =B68 & " ± " & (ROUNDUP(I68, 3)) -> 0,00037037 ± 0,001
A69: =A68+1 -> 67 | D69: =POWER(C69/($O$5-1),0.5) -> 0 | E69: =B69+3*D69 -> 0 | F69: =B69-3*D69 -> 0 | G69: =D69/B69*100 -> #DIV/0! | H69: =D69/POWER($O$5, 0.5) -> 0 | I69: =H69*$P$5 -> 0 | J69: =I69/B69*100 -> #DIV/0! | K69: =ROUNDUP(POWER(G69*$P$5/$Q$5,2),0) -> #DIV/0! | L69: =B69 & " ± " & (ROUNDUP(I69, 3)) -> ± 0
A70: =A69+1 -> 68 | D70: =POWER(C70/($O$5-1),0.5) -> 0 | E70: =B70+3*D70 -> 0 | F70: =B70-3*D70 -> 0 | G70: =D70/B70*100 -> #DIV/0! | H70: =D70/POWER($O$5, 0.5) -> 0 | I70: =H70*$P$5 -> 0 | J70: =I70/B70*100 -> #DIV/0! | K70: =ROUNDUP(POWER(G70*$P$5/$Q$5,2),0) -> #DIV/0! | L70: =B70 & " ± " & (ROUNDUP(I70, 3)) -> ± 0
A71: =A70+1 -> 69 | D71: =POWER(C71/($O$5-1),0.5) -> 0 | E71: =B71+3*D71 -> 0 | F71: =B71-3*D71 -> 0 | G71: =D71/B71*100 -> #DIV/0! | H71: =D71/POWER($O$5, 0.5) -> 0 | I71: =H71*$P$5 -> 0 | J71: =I71/B71*100 -> #DIV/0! | K71: =ROUNDUP(POWER(G71*$P$5/$Q$5,2),0) -> #DIV/0! | L71: =B71 & " ± " & (ROUNDUP(I71, 3)) -> ± 0
A72: =A71+1 -> 70 | D72: =POWER(C72/($O$5-1),0.5) -> 0 | E72: =B72+3*D72 -> 0 | F72: =B72-3*D72 -> 0 | G72: =D72/B72*100 -> #DIV/0! | H72: =D72/POWER($O$5, 0.5) -> 0 | I72: =H72*$P$5 -> 0 | J72: =I72/B72*100 -> #DIV/0! | K72: =ROUNDUP(POWER(G72*$P$5/$Q$5,2),0) -> #DIV/0! | L72: =B72 & " ± " & (ROUNDUP(I72, 3)) -> ± 0
A73: =A72+1 -> 71 | B73: 0.00030214 | C73: 3.84e-06 | D73: =POWER(C73/($O$5-1),0.5) -> 0.00036388706 | E73: =B73+3*D73 -> 0.0013938012 | F73: =B73-3*D73 -> -0.00078952118 | G73: =D73/B73*100 -> 120.43657 | H73: =D73/POWER($O$5, 0.5) -> 6.6436384e-05 | I73: =H73*$P$5 -> 0.00013287277 | J73: =I73/B73*100 -> 43.977218 | K73: =ROUNDUP(POWER(G73*$P$5/$Q$5,2),0) -> 2321 | L73: =B73 & " ± " & (ROUNDUP(I73, 3)) -> 0,00030214 ± 0,001
A74: =A73+1 -> 72 | D74: =POWER(C74/($O$5-1),0.5) -> 0 | E74: =B74+3*D74 -> 0 | F74: =B74-3*D74 -> 0 | G74: =D74/B74*100 -> #DIV/0! | H74: =D74/POWER($O$5, 0.5) -> 0 | I74: =H74*$P$5 -> 0 | J74: =I74/B74*100 -> #DIV/0! | K74: =ROUNDUP(POWER(G74*$P$5/$Q$5,2),0) -> #DIV/0! | L74: =B74 & " ± " & (ROUNDUP(I74, 3)) -> ± 0
A75: =A74+1 -> 73 | D75: =POWER(C75/($O$5-1),0.5) -> 0 | E75: =B75+3*D75 -> 0 | F75: =B75-3*D75 -> 0 | G75: =D75/B75*100 -> #DIV/0! | H75: =D75/POWER($O$5, 0.5) -> 0 | I75: =H75*$P$5 -> 0 | J75: =I75/B75*100 -> #DIV/0! | K75: =ROUNDUP(POWER(G75*$P$5/$Q$5,2),0) -> #DIV/0! | L75: =B75 & " ± " & (ROUNDUP(I75, 3)) -> ± 0
A76: =A75+1 -> 74 | D76: =POWER(C76/($O$5-1),0.5) -> 0 | E76: =B76+3*D76 -> 0 | F76: =B76-3*D76 -> 0 | G76: =D76/B76*100 -> #DIV/0! | H76: =D76/POWER($O$5, 0.5) -> 0 | I76: =H76*$P$5 -> 0 | J76: =I76/B76*100 -> #DIV/0! | K76: =ROUNDUP(POWER(G76*$P$5/$Q$5,2),0) -> #DIV/0! | L76: =B76 & " ± " & (ROUNDUP(I76, 3)) -> ± 0
A77: =A76+1 -> 75 | D77: =POWER(C77/($O$5-1),0.5) -> 0 | E77: =B77+3*D77 -> 0 | F77: =B77-3*D77 -> 0 | G77: =D77/B77*100 -> #DIV/0! | H77: =D77/POWER($O$5, 0.5) -> 0 | I77: =H77*$P$5 -> 0 | J77: =I77/B77*100 -> #DIV/0! | K77: =ROUNDUP(POWER(G77*$P$5/$Q$5,2),0) -> #DIV/0! | L77: =B77 & " ± " & (ROUNDUP(I77, 3)) -> ± 0
A78: =A77+1 -> 76 | B78: 0.00039961 | C78: 5.04e-06 | D78: =POWER(C78/($O$5-1),0.5) -> 0.000416885 | E78: =B78+3*D78 -> 0.001650265 | F78: =B78-3*D78 -> -0.000851045 | G78: =D78/B78*100 -> 104.32296 | H78: =D78/POWER($O$5, 0.5) -> 7.611244e-05 | I78: =H78*$P$5 -> 0.00015222488 | J78: =I78/B78*100 -> 38.093361 | K78: =ROUNDUP(POWER(G78*$P$5/$Q$5,2),0) -> 1742 | L78: =B78 & " ± " & (ROUNDUP(I78, 3)) -> 0,00039961 ± 0,001
D79: =POWER(C79/($O$5-1),0.5) -> 0 | E79: =B79+3*D79 -> 0 | F79: =B79-3*D79 -> 0 | G79: =D79/B79*100 -> #DIV/0! | H79: =D79/POWER($O$5, 0.5) -> 0 | I79: =H79*$P$5 -> 0 | J79: =I79/B79*100 -> #DIV/0! | K79: =ROUNDUP(POWER(G79*$P$5/$Q$5,2),0) -> #DIV/0! | L79: =B79 & " ± " & (ROUNDUP(I79, 3)) -> ± 0
D80: =POWER(C80/($O$5-1),0.5) -> 0 | E80: =B80+3*D80 -> 0 | F80: =B80-3*D80 -> 0 | G80: =D80/B80*100 -> #DIV/0! | H80: =D80/POWER($O$5, 0.5) -> 0 | I80: =H80*$P$5 -> 0 | J80: =I80/B80*100 -> #DIV/0! | K80: =ROUNDUP(POWER(G80*$P$5/$Q$5,2),0) -> #DIV/0! | L80: =B80 & " ± " & (ROUNDUP(I80, 3)) -> ± 0
A81: Спец. 1 | B81: 9.75e-06 | C81: 8e-08 | D81: =POWER(C81/($O$5-1),0.5) -> 5.2522573e-05 | E81: =B81+3*D81 -> 0.00016731772 | F81: =B81-3*D81 -> -0.00014781772 | G81: =D81/B81*100 -> 538.69306 | H81: =D81/POWER($O$5, 0.5) -> 9.589266e-06 | I81: =H81*$P$5 -> 1.9178532e-05 | J81: =I81/B81*100 -> 196.70289 | K81: =ROUNDUP(POWER(G81*$P$5/$Q$5,2),0) -> 46431 | L81: =B81 & " ± " & (ROUNDUP(I81, 3)) -> 0,00000975 ± 0,001
A82: Спец. 2 | B82: 0 | C82: 0 | D82: =POWER(C82/($O$5-1),0.5) -> 0 | E82: =B82+3*D82 -> 0 | F82: =B82-3*D82 -> 0 | G82: =D82/B82*100 -> #DIV/0! | H82: =D82/POWER($O$5, 0.5) -> 0 | I82: =H82*$P$5 -> 0 | J82: =I82/B82*100 -> #DIV/0! | K82: =ROUNDUP(POWER(G82*$P$5/$Q$5,2),0) -> #DIV/0! | L82: =B82 & " ± " & (ROUNDUP(I82, 3)) -> 0 ± 0
A83: Спец. 3 | B83: 0.00165692 | C83: 9.684e-05 | D83: =POWER(C83/($O$5-1),0.5) -> 0.001827378 | E83: =B83+3*D83 -> 0.007139054 | F83: =B83-3*D83 -> -0.003825214 | G83: =D83/B83*100 -> 110.28764 | H83: =D83/POWER($O$5, 0.5) -> 0.00033363205 | I83: =H83*$P$5 -> 0.0006672641 | J83: =I83/B83*100 -> 40.271353 | K83: =ROUNDUP(POWER(G83*$P$5/$Q$5,2),0) -> 1947 | L83: =B83 & " ± " & (ROUNDUP(I83, 3)) -> 0,00165692 ± 0,001
A84: Спец. 4 | B84: 0.00165692 | C84: 7.598e-05 | D84: =POWER(C84/($O$5-1),0.5) -> 0.0016186414 | E84: =B84+3*D84 -> 0.0065128442 | F84: =B84-3*D84 -> -0.0031990042 | G84: =D84/B84*100 -> 97.689774 | H84: =D84/POWER($O$5, 0.5) -> 0.00029552214 | I84: =H84*$P$5 -> 0.00059104427 | J84: =I84/B84*100 -> 35.671262 | K84: =ROUNDUP(POWER(G84*$P$5/$Q$5,2),0) -> 1527 | L84: =B84 & " ± " & (ROUNDUP(I84, 3)) -> 0,00165692 ± 0,001
A85: Спец. 5 | B85: 0.00039961 | C85: 8.46e-06 | D85: =POWER(C85/($O$5-1),0.5) -> 0.00054011493 | E85: =B85+3*D85 -> 0.0020199548 | F85: =B85-3*D85 -> -0.0012207348 | G85: =D85/B85*100 -> 135.16051 | H85: =D85/POWER($O$5, 0.5) -> 9.8611044e-05 | I85: =H85*$P$5 -> 0.00019722209 | J85: =I85/B85*100 -> 49.353642 | K85: =ROUNDUP(POWER(G85*$P$5/$Q$5,2),0) -> 2923 | L85: =B85 & " ± " & (ROUNDUP(I85, 3)) -> 0,00039961 ± 0,001
A86: Спец. 6 | B86: 0.00065302 | C86: 1.345e-05 | D86: =POWER(C86/($O$5-1),0.5) -> 0.00068102357 | E86: =B86+3*D86 -> 0.0026960907 | F86: =B86-3*D86 -> -0.0013900507 | G86: =D86/B86*100 -> 104.28832 | H86: =D86/POWER($O$5, 0.5) -> 0.00012433732 | I86: =H86*$P$5 -> 0.00024867465 | J86: =I86/B86*100 -> 38.080709 | K86: =ROUNDUP(POWER(G86*$P$5/$Q$5,2),0) -> 1741 | L86: =B86 & " ± " & (ROUNDUP(I86, 3)) -> 0,00065302 ± 0,001
A87: Спец. 7 | B87: 0.00277778 | C87: 0.00017779 | D87: =POWER(C87/($O$5-1),0.5) -> 0.002476023 | E87: =B87+3*D87 -> 0.010205849 | F87: =B87-3*D87 -> -0.0046502889 | G87: =D87/B87*100 -> 89.136755 | H87: =D87/POWER($O$5, 0.5) -> 0.00045205787 | I87: =H87*$P$5 -> 0.00090411575 | J87: =I87/B87*100 -> 32.548141 | K87: =ROUNDUP(POWER(G87*$P$5/$Q$5,2),0) -> 1272 | L87: =B87 & " ± " & (ROUNDUP(I87, 3)) -> 0,00277778 ± 0,001
A88: Спец. 8 | B88: 0.00258285 | C88: 0.00022846 | D88: =POWER(C88/($O$5-1),0.5) -> 0.0028067652 | E88: =B88+3*D88 -> 0.011003146 | F88: =B88-3*D88 -> -0.0058374457 | G88: =D88/B88*100 -> 108.66931 | H88: =D88/POWER($O$5, 0.5) -> 0.00051244288 | I88: =H88*$P$5 -> 0.0010248858 | J88: =I88/B88*100 -> 39.680421 | K88: =ROUNDUP(POWER(G88*$P$5/$Q$5,2),0) -> 1890 | L88: =B88 & " ± " & (ROUNDUP(I88, 3)) -> 0,00258285 ± 0,002

Sheet l_13
A1: Серия экспериментов\статистика | B1: l_ср [1/м.е.] | C1: Σ((Δli)^2) [1/м.е.^2] | D1: σ [1/м.е.] | E1: l_ср+3*σ [1/м.е.] | F1: l_ср-3*σ [1/м.е.] | G1: kв [%] | H1: σ0 [1/м.е.] | I1: Δl [1/м.е.] | J1: δl [%] | K1: N_мин | L1: l_ист [1/м.е.]
A3: 1 | B3: 9.75e-06 | C3: 8e-08 | D3: =POWER(C3/($O$5-1),0.5) -> 5.2522573e-05 | E3: =B3+3*D3 -> 0.00016731772 | F3: =B3-3*D3 -> -0.00014781772 | G3: =D3/B3*100 -> 538.69306 | H3: =D3/POWER($O$5, 0.5) -> 9.589266e-06 | I3: =H3*$P$5 -> 1.9178532e-05 | J3: =I3/B3*100 -> 196.70289 | K3: =ROUNDUP(POWER(G3*$P$5/$Q$5,2),0) -> 46431 | L3: =B3 & " ± " & (ROUNDUP(I3, 3)) -> 0,00000975 ± 0,001
A4: =A3+1 -> 2 | D4: =POWER(C4/($O$5-1),0.5) -> 0 | E4: =B4+3*D4 -> 0 | F4: =B4-3*D4 -> 0 | G4: =D4/B4*100 -> #DIV/0! | H4: =D4/POWER($O$5, 0.5) -> 0 | I4: =H4*$P$5 -> 0 | J4: =I4/B4*100 -> #DIV/0! | K4: =ROUNDUP(POWER(G4*$P$5/$Q$5,2),0) -> #DIV/0! | L4: =B4 & " ± " & (ROUNDUP(I4, 3)) -> ± 0 | N4: p | O4: N | P4: t_pN | Q4: Δ [%]
A5: =A4+1 -> 3 | D5: =POWER(C5/($O$5-1),0.5) -> 0 | E5: =B5+3*D5 -> 0 | F5: =B5-3*D5 -> 0 | G5: =D5/B5*100 -> #DIV/0! | H5: =D5/POWER($O$5, 0.5) -> 0 | I5: =H5*$P$5 -> 0 | J5: =I5/B5*100 -> #DIV/0! | K5: =ROUNDUP(POWER(G5*$P$5/$Q$5,2),0) -> #DIV/0! | L5: =B5 & " ± " & (ROUNDUP(I5, 3)) -> ± 0 | N5: 0.95 | O5: 30 | P5: 2 | Q5: 5
A6: =A5+1 -> 4 | D6: =POWER(C6/($O$5-1),0.5) -> 0 | E6: =B6+3*D6 -> 0 | F6: =B6-3*D6 -> 0 | G6: =D6/B6*100 -> #DIV/0! | H6: =D6/POWER($O$5, 0.5) -> 0 | I6: =H6*$P$5 -> 0 | J6: =I6/B6*100 -> #DIV/0! | K6: =ROUNDUP(POWER(G6*$P$5/$Q$5,2),0) -> #DIV/0! | L6: =B6 & " ± " & (ROUNDUP(I6, 3)) -> ± 0
A7: =A6+1 -> 5 | D7: =POWER(C7/($O$5-1),0.5) -> 0 | E7: =B7+3*D7 -> 0 | F7: =B7-3*D7 -> 0 | G7: =D7/B7*100 -> #DIV/0! | H7: =D7/POWER($O$5, 0.5) -> 0 | I7: =H7*$P$5 -> 0 | J7: =I7/B7*100 -> #DIV/0! | K7: =ROUNDUP(POWER(G7*$P$5/$Q$5,2),0) -> #DIV/0! | L7: =B7 & " ± " & (ROUNDUP(I7, 3)) -> ± 0
A8: =A7+1 -> 6 | B8: 0.0003899 | C8: 6.4e-07 | D8: =POWER(C8/($O$5-1),0.5) -> 0.00014855627 | E8: =B8+3*D8 -> 0.00083556881 | F8: =B8-3*D8 -> -5.5768812e-05 | G8: =D8/B8*100 -> 38.101121 | H8: =D8/POWER($O$5, 0.5) -> 2.712254e-05 | I8: =H8*$P$5 -> 5.424508e-05 | J8: =I8/B8*100 -> 13.912562 | K8: =ROUNDUP(POWER(G8*$P$5/$Q$5,2),0) -> 233 | L8: =B8 & " ± " & (ROUNDUP(I8, 3)) -> 0,0003899 ± 0,001
A9: =A8+1 -> 7 | D9: =POWER(C9/($O$5-1),0.5) -> 0 | E9: =B9+3*D9 -> 0 | F9: =B9-3*D9 -> 0 | G9: =D9/B9*100 -> #DIV/0! | H9: =D9/POWER($O$5, 0.5) -> 0 | I9: =H9*$P$5 -> 0 | J9: =I9/B9*100 -> #DIV/0! | K9: =ROUNDUP(POWER(G9*$P$5/$Q$5,2),0) -> #DIV/0! | L9: =B9 & " ± " & (ROUNDUP(I9, 3)) -> ± 0
A10: =A9+1 -> 8 | D10: =POWER(C10/($O$5-1),0.5) -> 0 | E10: =B10+3*D10 -> 0 | F10: =B10-3*D10 -> 0 | G10: =D10/B10*100 -> #DIV/0! | H10: =D10/POWER($O$5, 0.5) -> 0 | I10: =H10*$P$5 -> 0 | J10: =I10/B10*100 -> #DIV/0! | K10: =ROUNDUP(POWER(G10*$P$5/$Q$5,2),0) -> #DIV/0! | L10: =B10 & " ± " & (ROUNDUP(I10, 3)) -> ± 0
A11: =A10+1 -> 9 | D11: =POWER(C11/($O$5-1),0.5) -> 0 | E11: =B11+3*D11 -> 0 | F11: =B11-3*D11 -> 0 | G11: =D11/B11*100 -> #DIV/0! | H11: =D11/POWER($O$5, 0.5) -> 0 | I11: =H11*$P$5 -> 0 | J11: =I11/B11*100 -> #DIV/0! | K11: =ROUNDUP(POWER(G11*$P$5/$Q$5,2),0) -> #DIV/0! | L11: =B11 & " ± " & (ROUNDUP(I11, 3)) -> ± 0
A12: =A11+1 -> 10 | D12: =POWER(C12/($O$5-1),0.5) -> 0 | E12: =B12+3*D12 -> 0 | F12: =B12-3*D12 -> 0 | G12: =D12/B12*100 -> #DIV/0! | H12: =D12/POWER($O$5, 0.5) -> 0 | I12: =H12*$P$5 -> 0 | J12: =I12/B12*100 -> #DIV/0! | K12: =ROUNDUP(POWER(G12*$P$5/$Q$5,2),0) -> #DIV/0! | L12: =B12 & " ± " & (ROUNDUP(I12, 3)) -> ± 0
A13: =A12+1 -> 11 | B13: 1.949e-05 | C13: 3.3e-07 | D13: =POWER(C13/($O$5-1),0.5) -> 0.00010667385 | E13: =B13+3*D13 -> 0.00033951155 | F13: =B13-3*D13 -> -0.00030053155 | G13: =D13/B13*100 -> 547.32607 | H13: =D13/POWER($O$5, 0.5) -> 1.9475891e-05 | I13: =H13*$P$5 -> 3.8951783e-05 | J13: =I13/B13*100 -> 199.85522 | K13: =ROUNDUP(POWER(G13*$P$5/$Q$5,2),0) -> 47931 | L13: =B13 & " ± " & (ROUNDUP(I13, 3)) -> 0,00001949 ± 0,001
A14: =A13+1 -> 12 | D14: =POWER(C14/($O$5-1),0.5) -> 0 | E14: =B14+3*D14 -> 0 | F14: =B14-3*D14 -> 0 | G14: =D14/B14*100 -> #DIV/0! | H14: =D14/POWER($O$5, 0.5) -> 0 | I14: =H14*$P$5 -> 0 | J14: =I14/B14*100 -> #DIV/0! | K14: =ROUNDUP(POWER(G14*$P$5/$Q$5,2),0) -> #DIV/0! | L14: =B14 & " ± " & (ROUNDUP(I14, 3)) -> ± 0
A15: =A14+1 -> 13 | D15: =POWER(C15/($O$5-1),0.5) -> 0 | E15: =B15+3*D15 -> 0 | F15: =B15-3*D15 -> 0 | G15: =D15/B15*100 -> #DIV/0! | H15: =D15/POWER($O$5, 0.5) -> 0 | I15: =H15*$P$5 -> 0 | J15: =I15/B15*100 -> #DIV/0! | K15: =ROUNDUP(POWER(G15*$P$5/$Q$5,2),0) -> #DIV/0! | L15: =B15 & " ± " & (ROUNDUP(I15, 3)) -> ± 0
A16: =A15+1 -> 14 | D16: =POWER(C16/($O$5-1),0.5) -> 0 | E16: =B16+3*D16 -> 0 | F16: =B16-3*D16 -> 0 | G16: =D16/B16*100 -> #DIV/0! | H16: =D16/POWER($O$5, 0.5) -> 0 | I16: =H16*$P$5 -> 0 | J16: =I16/B16*100 -> #DIV/0! | K16: =ROUNDUP(POWER(G16*$P$5/$Q$5,2),0) -> #DIV/0! | L16: =B16 & " ± " & (ROUNDUP(I16, 3)) -> ± 0
A17: =A16+1 -> 15 | D17: =POWER(C17/($O$5-1),0.5) -> 0 | E17: =B17+3*D17 -> 0 | F17: =B17-3*D17 -> 0 | G17: =D17/B17*100 -> #DIV/0! | H17: =D17/POWER($O$5, 0.5) -> 0 | I17: =H17*$P$5 -> 0 | J17: =I17/B17*100 -> #DIV/0! | K17: =ROUNDUP(POWER(G17*$P$5/$Q$5,2),0) -> #DIV/0! | L17: =B17 & " ± " & (ROUNDUP(I17, 3)) -> ± 0
A18: =A17+1 -> 16 | B18: 0.0016569 | C18: 1.83e-06 | D18: =POWER(C18/($O$5-1),0.5) -> 0.000251204 | E18: =B18+3*D18 -> 0.002410512 | F18: =B18-3*D18 -> 0.00090328801 | G18: =D18/B18*100 -> 15.161084 | H18: =D18/POWER($O$5, 0.5) -> 4.5863365e-05 | I18: =H18*$P$5 -> 9.1726731e-05 | J18: =I18/B18*100 -> 5.5360451 | K18: =ROUNDUP(POWER(G18*$P$5/$Q$5,2),0) -> 37 | L18: =B18 & " ± " & (ROUNDUP(I18, 3)) -> 0,0016569 ± 0,001
A19: =A18+1 -> 17 | D19: =POWER(C19/($O$5-1),0.5) -> 0 | E19: =B19+3*D19 -> 0 | F19: =B19-3*D19 -> 0 | G19: =D19/B19*100 -> #DIV/0! | H19: =D19/POWER($O$5, 0.5) -> 0 | I19: =H19*$P$5 -> 0 | J19: =I19/B19*100 -> #DIV/0! | K19: =ROUNDUP(POWER(G19*$P$5/$Q$5,2),0) -> #DIV/0! | L19: =B19 & " ± " & (ROUNDUP(I19, 3)) -> ± 0
A20: =A19+1 -> 18 | D20: =POWER(C20/($O$5-1),0.5) -> 0 | E20: =B20+3*D20 -> 0 | F20: =B20-3*D20 -> 0 | G20: =D20/B20*100 -> #DIV/0! | H20: =D20/POWER($O$5, 0.5) -> 0 | I20: =H20*$P$5 -> 0 | J20: =I20/B20*100 -> #DIV/0! | K20: =ROUNDUP(POWER(G20*$P$5/$Q$5,2),0) -> #DIV/0! | L20: =B20 & " ± " & (ROUNDUP(I20, 3)) -> ± 0
A21: =A20+1 -> 19 | D21: =POWER(C21/($O$5-1),0.5) -> 0 | E21: =B21+3*D21 -> 0 | F21: =B21-3*D21 -> 0 | G21: =D21/B21*100 -> #DIV/0! | H21: =D21/POWER($O$5, 0.5) -> 0 | I21: =H21*$P$5 -> 0 | J21: =I21/B21*100 -> #DIV/0! | K21: =ROUNDUP(POWER(G21*$P$5/$Q$5,2),0) -> #DIV/0! | L21: =B21 & " ± " & (ROUNDUP(I21, 3)) -> ± 0
A22: =A21+1 -> 20 | D22: =POWER(C22/($O$5-1),0.5) -> 0 | E22: =B22+3*D22 -> 0 | F22: =B22-3*D22 -> 0 | G22: =D22/B22*100 -> #DIV/0! | H22: =D22/POWER($O$5, 0.5) -> 0 | I22: =H22*$P$5 -> 0 | J22: =I22/B22*100 -> #DIV/0! | K22: =ROUNDUP(POWER(G22*$P$5/$Q$5,2),0) -> #DIV/0! | L22: =B22 & " ± " & (ROUNDUP(I22, 3)) -> ± 0
A23: =A22+1 -> 21 | B23: 6.823e-05 | C23: 6.3e-07 | D23: =POWER(C23/($O$5-1),0.5) -> 0.00014739111 | E23: =B23+3*D23 -> 0.00051040332 | F23: =B23-3*D23 -> -0.00037394332 | G23: =D23/B23*100 -> 216.02097 | H23: =D23/POWER($O$5, 0.5) -> 2.6909811e-05 | I23: =H23*$P$5 -> 5.3819622e-05 | J23: =I23/B23*100 -> 78.879704 | K23: =ROUNDUP(POWER(G23*$P$5/$Q$5,2),0) -> 7467 | L23: =B23 & " ± " & (ROUNDUP(I23, 3)) -> 0,00006823 ± 0,001
A24: =A23+1 -> 22 | D24: =POWER(C24/($O$5-1),0.5) -> 0 | E24: =B24+3*D24 -> 0 | F24: =B24-3*D24 -> 0 | G24: =D24/B24*100 -> #DIV/0! | H24: =D24/POWER($O$5, 0.5) -> 0 | I24: =H24*$P$5 -> 0 | J24: =I24/B24*100 -> #DIV/0! | K24: =ROUNDUP(POWER(G24*$P$5/$Q$5,2),0) -> #DIV/0! | L24: =B24 & " ± " & (ROUNDUP(I24, 3)) -> ± 0
A25: =A24+1 -> 23 | D25: =POWER(C25/($O$5-1),0.5) -> 0 | E25: =B25+3*D25 -> 0 | F25: =B25-3*D25 -> 0 | G25: =D25/B25*100 -> #DIV/0! | H25: =D25/POWER($O$5, 0.5) -> 0 | I25: =H25*$P$5 -> 0 | J25: =I25/B25*100 -> #DIV/0! | K25: =ROUNDUP(POWER(G25*$P$5/$Q$5,2),0) -> #DIV/0! | L25: =B25 & " ± " & (ROUNDUP(I25, 3)) -> ± 0
A26: =A25+1 -> 24 | D26: =POWER(C26/($O$5-1),0.5) -> 0 | E26: =B26+3*D26 -> 0 | F26: =B26-3*D26 -> 0 | G26: =D26/B26*100 -> #DIV/0! | H26: =D26/POWER($O$5, 0.5) -> 0 | I26: =H26*$P$5 -> 0 | J26: =I26/B26*100 -> #DIV/0! | K26: =ROUNDUP(POWER(G26*$P$5/$Q$5,2),0) -> #DIV/0! | L26: =B26 & " ± " & (ROUNDUP(I26, 3)) -> ± 0
A27: =A26+1 -> 25 | D27: =POWER(C27/($O$5-1),0.5) -> 0 | E27: =B27+3*D27 -> 0 | F27: =B27-3*D27 -> 0 | G27: =D27/B27*100 -> #DIV/0! | H27: =D27/POWER($O$5, 0.5) -> 0 | I27: =H27*$P$5 -> 0 | J27: =I27/B27*100 -> #DIV/0! | K27: =ROUNDUP(POWER(G27*$P$5/$Q$5,2),0) -> #DIV/0! | L27: =B27 & " ± " & (ROUNDUP(I27, 3)) -> ± 0
A28: =A27+1 -> 26 | B28: 0.00070175 | C28: 1.737e-05 | D28: =POWER(C28/($O$5-1),0.5) -> 0.00077392863 | E28: =B28+3*D28 -> 0.0030235359 | F28: =B28-3*D28 -> -0.0016200359 | G28: =D28/B28*100 -> 110.28552 | H28: =D28/POWER($O$5, 0.5) -> 0.00014129939 | I28: =H28*$P$5 -> 0.00028259878 | J28: =I28/B28*100 -> 40.270577 | K28: =ROUNDUP(POWER(G28*$P$5/$Q$5,2),0) -> 1947 | L28: =B28 & " ± " & (ROUNDUP(I28, 3)) -> 0,00070175 ± 0,001
A29: =A28+1 -> 27 | D29: =POWER(C29/($O$5-1),0.5) -> 0 | E29: =B29+3*D29 -> 0 | F29: =B29-3*D29 -> 0 | G29: =D29/B29*100 -> #DIV/0! | H29: =D29/POWER($O$5, 0.5) -> 0 | I29: =H29*$P$5 -> 0 | J29: =I29/B29*100 -> #DIV/0! | K29: =ROUNDUP(POWER(G29*$P$5/$Q$5,2),0) -> #DIV/0! | L29: =B29 & " ± " & (ROUNDUP(I29, 3)) -> ± 0
A30: =A29+1 -> 28 | D30: =POWER(C30/($O$5-1),0.5) -> 0 | E30: =B30+3*D30 -> 0 | F30: =B30-3*D30 -> 0 | G30: =D30/B30*100 -> #DIV/0! | H30: =D30/POWER($O$5, 0.5) -> 0 | I30: =H30*$P$5 -> 0 | J30: =I30/B30*100 -> #DIV/0! | K30: =ROUNDUP(POWER(G30*$P$5/$Q$5,2),0) -> #DIV/0! | L30: =B30 & " ± " & (ROUNDUP(I30, 3)) -> ± 0
A31: =A30+1 -> 29 | D31: =POWER(C31/($O$5-1),0.5) -> 0 | E31: =B31+3*D31 -> 0 | F31: =B31-3*D31 -> 0 | G31: =D31/B31*100 -> #DIV/0! | H31: =D31/POWER($O$5, 0.5) -> 0 | I31: =H31*$P$5 -> 0 | J31: =I31/B31*100 -> #DIV/0! | K31: =ROUNDUP(POWER(G31*$P$5/$Q$5,2),0) -> #DIV/0! | L31: =B31 & " ± " & (ROUNDUP(I31, 3)) -> ± 0
A32: =A31+1 -> 30 | D32: =POWER(C32/($O$5-1),0.5) -> 0 | E32: =B32+3*D32 -> 0 | F32: =B32-3*D32 -> 0 | G32: =D32/B32*100 -> #DIV/0! | H32: =D32/POWER($O$5, 0.5) -> 0 | I32: =H32*$P$5 -> 0 | J32: =I32/B32*100 -> #DIV/0! | K32: =ROUNDUP(POWER(G32*$P$5/$Q$5,2),0) -> #DIV/0! | L32: =B32 & " ± " & (ROUNDUP(I32, 3)) -> ± 0
A33: =A32+1 -> 31 | B33: 0.0001462 | C33: 1.5e-06 | D33: =POWER(C33/($O$5-1),0.5) -> 0.00022742941 | E33: =B33+3*D33 -> 0.00082848824 | F33: =B33-3*D33 -> -0.00053608824 | G33: =D33/B33*100 -> 155.56047 | H33: =D33/POWER($O$5, 0.5) -> 4.152274e-05 | I33: =H33*$P$5 -> 8.304548e-05 | J33: =I33/B33*100 -> 56.802654 | K33: =ROUNDUP(POWER(G33*$P$5/$Q$5,2),0) -> 3872 | L33: =B33 & " ± " & (ROUNDUP(I33, 3)) -> 0,0001462 ± 0,001
A34: =A33+1 -> 32 | D34: =POWER(C34/($O$5-1),0.5) -> 0 | E34: =B34+3*D34 -> 0 | F34: =B34-3*D34 -> 0 | G34: =D34/B34*100 -> #DIV/0! | H34: =D34/POWER($O$5, 0.5) -> 0 | I34: =H34*$P$5 -> 0 | J34: =I34/B34*100 -> #DIV/0! | K34: =ROUNDUP(POWER(G34*$P$5/$Q$5,2),0) -> #DIV/0! | L34: =B34 & " ± " & (ROUNDUP(I34, 3)) -> ± 0
A35: =A34+1 -> 33 | D35: =POWER(C35/($O$5-1),0.5) -> 0 | E35: =B35+3*D35 -> 0 | F35: =B35-3*D35 -> 0 | G35: =D35/B35*100 -> #DIV/0! | H35: =D35/POWER($O$5, 0.5) -> 0 | I35: =H35*$P$5 -> 0 | J35: =I35/B35*100 -> #DIV/0! | K35: =ROUNDUP(POWER(G35*$P$5/$Q$5,2),0) -> #DIV/0! | L35: =B35 & " ± " & (ROUNDUP(I35, 3)) -> ± 0
A36: =A35+1 -> 34 | D36: =POWER(C36/($O$5-1),0.5) -> 0 | E36: =B36+3*D36 -> 0 | F36: =B36-3*D36 -> 0 | G36: =D36/B36*100 -> #DIV/0! | H36: =D36/POWER($O$5, 0.5) -> 0 | I36: =H36*$P$5 -> 0 | J36: =I36/B36*100 -> #DIV/0! | K36: =ROUNDUP(POWER(G36*$P$5/$Q$5,2),0) -> #DIV/0! | L36: =B36 & " ± " & (ROUNDUP(I36, 3)) -> ± 0
A37: =A36+1 -> 35 | D37: =POWER(C37/($O$5-1),0.5) -> 0 | E37: =B37+3*D37 -> 0 | F37: =B37-3*D37 -> 0 | G37: =D37/B37*100 -> #DIV/0! | H37: =D37/POWER($O$5, 0.5) -> 0 | I37: =H37*$P$5 -> 0 | J37: =I37/B37*100 -> #DIV/0! | K37: =ROUNDUP(POWER(G37*$P$5/$Q$5,2),0) -> #DIV/0! | L37: =B37 & " ± " & (ROUNDUP(I37, 3)) -> ± 0
A38: =A37+1 -> 36 | B38: 0.00015595 | C38: 1.49e-06 | D38: =POWER(C38/($O$5-1),0.5) -> 0.00022667005 | E38: =B38+3*D38 -> 0.00083596014 | F38: =B38-3*D38 -> -0.00052406014 | G38: =D38/B38*100 -> 145.3479 | H38: =D38/POWER($O$5, 0.5) -> 4.1384099e-05 | I38: =H38*$P$5 -> 8.2768199e-05 | J38: =I38/B38*100 -> 53.073548 | K38: =ROUNDUP(POWER(G38*$P$5/$Q$5,2),0) -> 3381 | L38: =B38 & " ± " & (ROUNDUP(I38, 3)) -> 0,00015595 ± 0,001
A39: =A38+1 -> 37 | D39: =POWER(C39/($O$5-1),0.5) -> 0 | E39: =B39+3*D39 -> 0 | F39: =B39-3*D39 -> 0 | G39: =D39/B39*100 -> #DIV/0! | H39: =D39/POWER($O$5, 0.5) -> 0 | I39: =H39*$P$5 -> 0 | J39: =I39/B39*100 -> #DIV/0! | K39: =ROUNDUP(POWER(G39*$P$5/$Q$5,2),0) -> #DIV/0! | L39: =B39 & " ± " & (ROUNDUP(I39, 3)) -> ± 0
A40: =A39+1 -> 38 | D40: =POWER(C40/($O$5-1),0.5) -> 0 | E40: =B40+3*D40 -> 0 | F40: =B40-3*D40 -> 0 | G40: =D40/B40*100 -> #DIV/0! | H40: =D40/POWER($O$5, 0.5) -> 0 | I40: =H40*$P$5 -> 0 | J40: =I40/B40*100 -> #DIV/0! | K40: =ROUNDUP(POWER(G40*$P$5/$Q$5,2),0) -> #DIV/0! | L40: =B40 & " ± " & (ROUNDUP(I40, 3)) -> ± 0
A41: =A40+1 -> 39 | D41: =POWER(C41/($O$5-1),0.5) -> 0 | E41: =B41+3*D41 -> 0 | F41: =B41-3*D41 -> 0 | G41: =D41/B41*100 -> #DIV/0! | H41: =D41/POWER($O$5, 0.5) -> 0 | I41: =H41*$P$5 -> 0 | J41: =I41/B41*100 -> #DIV/0! | K41: =ROUNDUP(POWER(G41*$P$5/$Q$5,2),0) -> #DIV/0! | L41: =B41 & " ± " & (ROUNDUP(I41, 3)) -> ± 0
A42: =A41+1 -> 40 | D42: =POWER(C42/($O$5-1),0.5) -> 0 | E42: =B42+3*D42 -> 0 | F42: =B42-3*D42 -> 0 | G42: =D42/B42*100 -> #DIV/0! | H42: =D42/POWER($O$5, 0.5) -> 0 | I42: =H42*$P$5 -> 0 | J42: =I42/B42*100 -> #DIV/0! | K42: =ROUNDUP(POWER(G42*$P$5/$Q$5,2),0) -> #DIV/0! | L42: =B42 & " ± " & (ROUNDUP(I42, 3)) -> ± 0
A43: =A42+1 -> 41 | B43: 9.747e-05 | C43: 5.7e-07 | D43: =POWER(C43/($O$5-1),0.5) -> 0.00014019691 | E43: =B43+3*D43 -> 0.00051806072 | F43: =B43-3*D43 -> -0.00032312072 | G43: =D43/B43*100 -> 143.83596 | H43: =D43/POWER($O$5, 0.5) -> 2.5596336e-05 | I43: =H43*$P$5 -> 5.1192672e-05 | J43: =I43/B43*100 -> 52.521465 | K43: =ROUNDUP(POWER(G43*$P$5/$Q$5,2),0) -> 3311 | L43: =B43 & " ± " & (ROUNDUP(I43, 3)) -> 0,00009747 ± 0,001
A44: =A43+1 -> 42 | D44: =POWER(C44/($O$5-1),0.5) -> 0 | E44: =B44+3*D44 -> 0 | F44: =B44-3*D44 -> 0 | G44: =D44/B44*100 -> #DIV/0! | H44: =D44/POWER($O$5, 0.5) -> 0 | I44: =H44*$P$5 -> 0 | J44: =I44/B44*100 -> #DIV/0! | K44: =ROUNDUP(POWER(G44*$P$5/$Q$5,2),0) -> #DIV/0! | L44: =B44 & " ± " & (ROUNDUP(I44, 3)) -> ± 0
A45: =A44+1 -> 43 | D45: =POWER(C45/($O$5-1),0.5) -> 0 | E45: =B45+3*D45 -> 0 | F45: =B45-3*D45 -> 0 | G45: =D45/B45*100 -> #DIV/0! | H45: =D45/POWER($O$5, 0.5) -> 0 | I45: =H45*$P$5 -> 0 | J45: =I45/B45*100 -> #DIV/0! | K45: =ROUNDUP(POWER(G45*$P$5/$Q$5,2),0) -> #DIV/0! | L45: =B45 & " ± " & (ROUNDUP(I45, 3)) -> ± 0
A46: =A45+1 -> 44 | D46: =POWER(C46/($O$5-1),0.5) -> 0 | E46: =B46+3*D46 -> 0 | F46: =B46-3*D46 -> 0 | G46: =D46/B46*100 -> #DIV/0! | H46: =D46/POWER($O$5, 0.5) -> 0 | I46: =H46*$P$5 -> 0 | J46: =I46/B46*100 -> #DIV/0! | K46: =ROUNDUP(POWER(G46*$P$5/$Q$5,2),0) -> #DIV/0! | L46: =B46 & " ± " & (ROUNDUP(I46, 3)) -> ± 0
A47: =A46+1 -> 45 | D47: =POWER(C47/($O$5-1),0.5) -> 0 | E47: =B47+3*D47 -> 0 | F47: =B47-3*D47 -> 0 | G47: =D47/B47*100 -> #DIV/0! | H47: =D47/POWER($O$5, 0.5) -> 0 | I47: =H47*$P$5 -> 0 | J47: =I47/B47*100 -> #DIV/0! | K47: =ROUNDUP(POWER(G47*$P$5/$Q$5,2),0) -> #DIV/0! | L47: =B47 & " ± " & (ROUNDUP(I47, 3)) -> ± 0
A48: =A47+1 -> 46 | B48: 9.747e-05 | C48: 1.08e-06 | D48: =POWER(C48/($O$5-1),0.5) -> 0.00019298026 | E48: =B48+3*D48 -> 0.00067641077 | F48: =B48-3*D48 -> -0.00048147077 | G48: =D48/B48*100 -> 197.98939 | H48: =D48/POWER($O$5, 0.5) -> 3.5233213e-05 | I48: =H48*$P$5 -> 7.0466426e-05 | J48: =I48/B48*100 -> 72.295503 | K48: =ROUNDUP(POWER(G48*$P$5/$Q$5,2),0) -> 6272 | L48: =B48 & " ± " & (ROUNDUP(I48, 3)) -> 0,00009747 ± 0,001
A49: =A48+1 -> 47 | D49: =POWER(C49/($O$5-1),0.5) -> 0 | E49: =B49+3*D49 -> 0 | F49: =B49-3*D49 -> 0 | G49: =D49/B49*100 -> #DIV/0! | H49: =D49/POWER($O$5, 0.5) -> 0 | I49: =H49*$P$5 -> 0 | J49: =I49/B49*100 -> #DIV/0! | K49: =ROUNDUP(POWER(G49*$P$5/$Q$5,2),0) -> #DIV/0! | L49: =B49 & " ± " & (ROUNDUP(I49, 3)) -> ± 0
A50: =A49+1 -> 48 | D50: =POWER(C50/($O$5-1),0.5) -> 0 | E50: =B50+3*D50 -> 0 | F50: =B50-3*D50 -> 0 | G50: =D50/B50*100 -> #DIV/0! | H50: =D50/POWER($O$5, 0.5) -> 0 | I50: =H50*$P$5 -> 0 | J50: =I50/B50*100 -> #DIV/0! | K50: =ROUNDUP(POWER(G50*$P$5/$Q$5,2),0) -> #DIV/0! | L50: =B50 & " ± " & (ROUNDUP(I50, 3)) -> ± 0
A51: =A50+1 -> 49 | D51: =POWER(C51/($O$5-1),0.5) -> 0 | E51: =B51+3*D51 -> 0 | F51: =B51-3*D51 -> 0 | G51: =D51/B51*100 -> #DIV/0! | H51: =D51/POWER($O$5, 0.5) -> 0 | I51: =H51*$P$5 -> 0 | J51: =I51/B51*100 -> #DIV/0! | K51: =ROUNDUP(POWER(G51*$P$5/$Q$5,2),0) -> #DIV/0! | L51: =B51 & " ± " & (ROUNDUP(I51, 3)) -> ± 0
A52: =A51+1 -> 50 | D52: =POWER(C52/($O$5-1),0.5) -> 0 | E52: =B52+3*D52 -> 0 | F52: =B52-3*D52 -> 0 | G52: =D52/B52*100 -> #DIV/0! | H52: =D52/POWER($O$5, 0.5) -> 0 | I52: =H52*$P$5 -> 0 | J52: =I52/B52*100 -> #DIV/0! | K52: =ROUNDUP(POWER(G52*$P$5/$Q$5,2),0) -> #DIV/0! | L52: =B52 & " ± " & (ROUNDUP(I52, 3)) -> ± 0
A53: =A52+1 -> 51 | B53: 0.00016569 | C53: 1.66e-06 | D53: =POWER(C53/($O$5-1),0.5) -> 0.00023925171 | E53: =B53+3*D53 -> 0.00088344512 | F53: =B53-3*D53 -> -0.00055206512 | G53: =D53/B53*100 -> 144.39719 | H53: =D53/POWER($O$5, 0.5) -> 4.3681186e-05 | I53: =H53*$P$5 -> 8.7362371e-05 | J53: =I53/B53*100 -> 52.726399 | K53: =ROUNDUP(POWER(G53*$P$5/$Q$5,2),0) -> 3337 | L53: =B53 & " ± " & (ROUNDUP(I53, 3)) -> 0,00016569 ± 0,001
A54: =A53+1 -> 52 | B54: 0.00026316 | C54: 2.45e-06 | D54: =POWER(C54/($O$5-1),0.5) -> 0.00029065918 | E54: =B54+3*D54 -> 0.0011351375 | F54: =B54-3*D54 -> -0.00060881754 | G54: =D54/B54*100 -> 110.4496 | H54: =D54/POWER($O$5, 0.5) -> 5.3066863e-05 | I54: =H54*$P$5 -> 0.00010613373 | J54: =I54/B54*100 -> 40.330493 | K54: =ROUNDUP(POWER(G54*$P$5/$Q$5,2),0) -> 1952 | L54: =B54 & " ± " & (ROUNDUP(I54, 3)) -> 0,00026316 ± 0,001
A55: =A54+1 -> 53 | D55: =POWER(C55/($O$5-1),0.5) -> 0 | E55: =B55+3*D55 -> 0 | F55: =B55-3*D55 -> 0 | G55: =D55/B55*100 -> #DIV/0! | H55: =D55/POWER($O$5, 0.5) -> 0 | I55: =H55*$P$5 -> 0 | J55: =I55/B55*100 -> #DIV/0! | K55: =ROUNDUP(POWER(G55*$P$5/$Q$5,2),0) -> #DIV/0! | L55: =B55 & " ± " & (ROUNDUP(I55, 3)) -> ± 0
A56: =A55+1 -> 54 | D56: =POWER(C56/($O$5-1),0.5) -> 0 | E56: =B56+3*D56 -> 0 | F56: =B56-3*D56 -> 0 | G56: =D56/B56*100 -> #DIV/0! | H56: =D56/POWER($O$5, 0.5) -> 0 | I56: =H56*$P$5 -> 0 | J56: =I56/B56*100 -> #DIV/0! | K56: =ROUNDUP(POWER(G56*$P$5/$Q$5,2),0) -> #DIV/0! | L56: =B56 & " ± " & (ROUNDUP(I56, 3)) -> ± 0
A57: =A56+1 -> 55 | D57: =POWER(C57/($O$5-1),0.5) -> 0 | E57: =B57+3*D57 -> 0 | F57: =B57-3*D57 -> 0 | G57: =D57/B57*100 -> #DIV/0! | H57: =D57/POWER($O$5, 0.5) -> 0 | I57: =H57*$P$5 -> 0 | J57: =I57/B57*100 -> #DIV/0! | K57: =ROUNDUP(POWER(G57*$P$5/$Q$5,2),0) -> #DIV/0! | L57: =B57 & " ± " & (ROUNDUP(I57, 3)) -> ± 0
A58: =A57+1 -> 56 | B58: 0.00019493 | C58: 2.62e-06 | D58: =POWER(C58/($O$5-1),0.5) -> 0.00030057416 | E58: =B58+3*D58 -> 0.0010966525 | F58: =B58-3*D58 -> -0.00070679249 | G58: =D58/B58*100 -> 154.19595 | H58: =D58/POWER($O$5, 0.5) -> 5.4877083e-05 | I58: =H58*$P$5 -> 0.00010975417 | J58: =I58/B58*100 -> 56.3044 | K58: =ROUNDUP(POWER(G58*$P$5/$Q$5,2),0) -> 3805 | L58: =B58 & " ± " & (ROUNDUP(I58, 3)) -> 0,00019493 ± 0,001
A59: =A58+1 -> 57 | B59: 0.00028265 | C59: 3.84e-06 | D59: =POWER(C59/($O$5-1),0.5) -> 0.00036388706 | E59: =B59+3*D59 -> 0.0013743112 | F59: =B59-3*D59 -> -0.00080901118 | G59: =D59/B59*100 -> 128.74122 | H59: =D59/POWER($O$5, 0.5) -> 6.6436384e-05 | I59: =H59*$P$5 -> 0.00013287277 | J59: =I59/B59*100 -> 47.009647 | K59: =ROUNDUP(POWER(G59*$P$5/$Q$5,2),0) -> 2652 | L59: =B59 & " ± " & (ROUNDUP(I59, 3)) -> 0,00028265 ± 0,001
A60: =A59+1 -> 58 | D60: =POWER(C60/($O$5-1),0.5) -> 0 | E60: =B60+3*D60 -> 0 | F60: =B60-3*D60 -> 0 | G60: =D60/B60*100 -> #DIV/0! | H60: =D60/POWER($O$5, 0.5) -> 0 | I60: =H60*$P$5 -> 0 | J60: =I60/B60*100 -> #DIV/0! | K60: =ROUNDUP(POWER(G60*$P$5/$Q$5,2),0) -> #DIV/0! | L60: =B60 & " ± " & (ROUNDUP(I60, 3)) -> ± 0
A61: =A60+1 -> 59 | D61: =POWER(C61/($O$5-1),0.5) -> 0 | E61: =B61+3*D61 -> 0 | F61: =B61-3*D61 -> 0 | G61: =D61/B61*100 -> #DIV/0! | H61: =D61/POWER($O$5, 0.5) -> 0 | I61: =H61*$P$5 -> 0 | J61: =I61/B61*100 -> #DIV/0! | K61: =ROUNDUP(POWER(G61*$P$5/$Q$5,2),0) -> #DIV/0! | L61: =B61 & " ± " & (ROUNDUP(I61, 3)) -> ± 0
A62: =A61+1 -> 60 | D62: =POWER(C62/($O$5-1),0.5) -> 0 | E62: =B62+3*D62 -> 0 | F62: =B62-3*D62 -> 0 | G62: =D62/B62*100 -> #DIV/0! | H62: =D62/POWER($O$5, 0.5) -> 0 | I62: =H62*$P$5 -> 0 | J62: =I62/B62*100 -> #DIV/0! | K62: =ROUNDUP(POWER(G62*$P$5/$Q$5,2),0) -> #DIV/0! | L62: =B62 & " ± " & (ROUNDUP(I62, 3)) -> ± 0
A63: =A62+1 -> 61 | B63: 8.772e-05 | C63: 1.05e-06 | D63: =POWER(C63/($O$5-1),0.5) -> 0.0001902811 | E63: =B63+3*D63 -> 0.0006585633 | F63: =B63-3*D63 -> -0.0004831233 | G63: =D63/B63*100 -> 216.91872 | H63: =D63/POWER($O$5, 0.5) -> 3.4740417e-05 | I63: =H63*$P$5 -> 6.9480833e-05 | J63: =I63/B63*100 -> 79.207516 | K63: =ROUNDUP(POWER(G63*$P$5/$Q$5,2),0) -> 7529 | L63: =B63 & " ± " & (ROUNDUP(I63, 3)) -> 0,00008772 ± 0,001
A64: =A63+1 -> 62 | D64: =POWER(C64/($O$5-1),0.5) -> 0 | E64: =B64+3*D64 -> 0 | F64: =B64-3*D64 -> 0 | G64: =D64/B64*100 -> #DIV/0! | H64: =D64/POWER($O$5, 0.5) -> 0 | I64: =H64*$P$5 -> 0 | J64: =I64/B64*100 -> #DIV/0! | K64: =ROUNDUP(POWER(G64*$P$5/$Q$5,2),0) -> #DIV/0! | L64: =B64 & " ± " & (ROUNDUP(I64, 3)) -> ± 0
A65: =A64+1 -> 63 | D65: =POWER(C65/($O$5-1),0.5) -> 0 | E65: =B65+3*D65 -> 0 | F65: =B65-3*D65 -> 0 | G65: =D65/B65*100 -> #DIV/0! | H65: =D65/POWER($O$5, 0.5) -> 0 | I65: =H65*$P$5 -> 0 | J65: =I65/B65*100 -> #DIV/0! | K65: =ROUNDUP(POWER(G65*$P$5/$Q$5,2),0) -> #DIV/0! | L65: =B65 & " ± " & (ROUNDUP(I65, 3)) -> ± 0
A66: =A65+1 -> 64 | D66: =POWER(C66/($O$5-1),0.5) -> 0 | E66: =B66+3*D66 -> 0 | F66: =B66-3*D66 -> 0 | G66: =D66/B66*100 -> #DIV/0! | H66: =D66/POWER($O$5, 0.5) -> 0 | I66: =H66*$P$5 -> 0 | J66: =I66/B66*100 -> #DIV/0! | K66: =ROUNDUP(POWER(G66*$P$5/$Q$5,2),0) -> #DIV/0! | L66: =B66 & " ± " & (ROUNDUP(I66, 3)) -> ± 0
A67: =A66+1 -> 65 | D67: =POWER(C67/($O$5-1),0.5) -> 0 | E67: =B67+3*D67 -> 0 | F67: =B67-3*D67 -> 0 | G67: =D67/B67*100 -> #DIV/0! | H67: =D67/POWER($O$5, 0.5) -> 0 | I67: =H67*$P$5 -> 0 | J67: =I67/B67*100 -> #DIV/0! | K67: =ROUNDUP(POWER(G67*$P$5/$Q$5,2),0) -> #DIV/0! | L67: =B67 & " ± " & (ROUNDUP(I67, 3)) -> ± 0
A68: =A67+1 -> 66 | B68: 0.00021442 | C68: 2.72e-06 | D68: =POWER(C68/($O$5-1),0.5) -> 0.0003062566 | E68: =B68+3*D68 -> 0.0011331898 | F68: =B68-3*D68 -> -0.00070434979 | G68: =D68/B68*100 -> 142.83024 | H68: =D68/POWER($O$5, 0.5) -> 5.5914549e-05 | I68: =H68*$P$5 -> 0.0001118291 | J68: =I68/B68*100 -> 52.154229 | K68: =ROUNDUP(POWER(G68*$P$5/$Q$5,2),0) -> 3265 | L68: =B68 & " ± " & (ROUNDUP(I68, 3)) -> 0,00021442 ± 0,001
A69: =A68+1 -> 67 | D69: =POWER(C69/($O$5-1),0.5) -> 0 | E69: =B69+3*D69 -> 0 | F69: =B69-3*D69 -> 0 | G69: =D69/B69*100 -> #DIV/0! | H69: =D69/POWER($O$5, 0.5) -> 0 | I69: =H69*$P$5 -> 0 | J69: =I69/B69*100 -> #DIV/0! | K69: =ROUNDUP(POWER(G69*$P$5/$Q$5,2),0) -> #DIV/0! | L69: =B69 & " ± " & (ROUNDUP(I69, 3)) -> ± 0
A70: =A69+1 -> 68 | D70: =POWER(C70/($O$5-1),0.5) -> 0 | E70: =B70+3*D70 -> 0 | F70: =B70-3*D70 -> 0 | G70: =D70/B70*100 -> #DIV/0! | H70: =D70/POWER($O$5, 0.5) -> 0 | I70: =H70*$P$5 -> 0 | J70: =I70/B70*100 -> #DIV/0! | K70: =ROUNDUP(POWER(G70*$P$5/$Q$5,2),0) -> #DIV/0! | L70: =B70 & " ± " & (ROUNDUP(I70, 3)) -> ± 0
A71: =A70+1 -> 69 | D71: =POWER(C71/($O$5-1),0.5) -> 0 | E71: =B71+3*D71 -> 0 | F71: =B71-3*D71 -> 0 | G71: =D71/B71*100 -> #DIV/0! | H71: =D71/POWER($O$5, 0.5) -> 0 | I71: =H71*$P$5 -> 0 | J71: =I71/B71*100 -> #DIV/0! | K71: =ROUNDUP(POWER(G71*$P$5/$Q$5,2),0) -> #DIV/0! | L71: =B71 & " ± " & (ROUNDUP(I71, 3)) -> ± 0
A72: =A71+1 -> 70 | D72: =POWER(C72/($O$5-1),0.5) -> 0 | E72: =B72+3*D72 -> 0 | F72: =B72-3*D72 -> 0 | G72: =D72/B72*100 -> #DIV/0! | H72: =D72/POWER($O$5, 0.5) -> 0 | I72: =H72*$P$5 -> 0 | J72: =I72/B72*100 -> #DIV/0! | K72: =ROUNDUP(POWER(G72*$P$5/$Q$5,2),0) -> #DIV/0! | L72: =B72 & " ± " & (ROUNDUP(I72, 3)) -> ± 0
A73: =A72+1 -> 71 | B73: 0.00019493 | C73: 2.79e-06 | D73: =POWER(C73/($O$5-1),0.5) -> 0.00031017237 | E73: =B73+3*D73 -> 0.0011254471 | F73: =B73-3*D73 -> -0.0007355871 | G73: =D73/B73*100 -> 159.11987 | H73: =D73/POWER($O$5, 0.5) -> 5.6629467e-05 | I73: =H73*$P$5 -> 0.00011325893 | J73: =I73/B73*100 -> 58.102362 | K73: =ROUNDUP(POWER(G73*$P$5/$Q$5,2),0) -> 4052 | L73: =B73 & " ± " & (ROUNDUP(I73, 3)) -> 0,00019493 ± 0,001
A74: =A73+1 -> 72 | D74: =POWER(C74/($O$5-1),0.5) -> 0 | E74: =B74+3*D74 -> 0 | F74: =B74-3*D74 -> 0 | G74: =D74/B74*100 -> #DIV/0! | H74: =D74/POWER($O$5, 0.5) -> 0 | I74: =H74*$P$5 -> 0 | J74: =I74/B74*100 -> #DIV/0! | K74: =ROUNDUP(POWER(G74*$P$5/$Q$5,2),0) -> #DIV/0! | L74: =B74 & " ± " & (ROUNDUP(I74, 3)) -> ± 0
A75: =A74+1 -> 73 | D75: =POWER(C75/($O$5-1),0.5) -> 0 | E75: =B75+3*D75 -> 0 | F75: =B75-3*D75 -> 0 | G75: =D75/B75*100 -> #DIV/0! | H75: =D75/POWER($O$5, 0.5) -> 0 | I75: =H75*$P$5 -> 0 | J75: =I75/B75*100 -> #DIV/0! | K75: =ROUNDUP(POWER(G75*$P$5/$Q$5,2),0) -> #DIV/0! | L75: =B75 & " ± " & (ROUNDUP(I75, 3)) -> ± 0
A76: =A75+1 -> 74 | D76: =POWER(C76/($O$5-1),0.5) -> 0 | E76: =B76+3*D76 -> 0 | F76: =B76-3*D76 -> 0 | G76: =D76/B76*100 -> #DIV/0! | H76: =D76/POWER($O$5, 0.5) -> 0 | I76: =H76*$P$5 -> 0 | J76: =I76/B76*100 -> #DIV/0! | K76: =ROUNDUP(POWER(G76*$P$5/$Q$5,2),0) -> #DIV/0! | L76: =B76 & " ± " & (ROUNDUP(I76, 3)) -> ± 0
A77: =A76+1 -> 75 | D77: =POWER(C77/($O$5-1),0.5) -> 0 | E77: =B77+3*D77 -> 0 | F77: =B77-3*D77 -> 0 | G77: =D77/B77*100 -> #DIV/0! | H77: =D77/POWER($O$5, 0.5) -> 0 | I77: =H77*$P$5 -> 0 | J77: =I77/B77*100 -> #DIV/0! | K77: =ROUNDUP(POWER(G77*$P$5/$Q$5,2),0) -> #DIV/0! | L77: =B77 & " ± " & (ROUNDUP(I77, 3)) -> ± 0
A78: =A77+1 -> 76 | B78: 0.00015595 | C78: 1.84e-06 | D78: =POWER(C78/($O$5-1),0.5) -> 0.00025188941 | E78: =B78+3*D78 -> 0.00091161824 | F78: =B78-3*D78 -> -0.00059971824 | G78: =D78/B78*100 -> 161.51934 | H78: =D78/POWER($O$5, 0.5) -> 4.5988504e-05 | I78: =H78*$P$5 -> 9.1977009e-05 | J78: =I78/B78*100 -> 58.978524 | K78: =ROUNDUP(POWER(G78*$P$5/$Q$5,2),0) -> 4175 | L78: =B78 & " ± " & (ROUNDUP(I78, 3)) -> 0,00015595 ± 0,001
D79: =POWER(C79/($O$5-1),0.5) -> 0 | E79: =B79+3*D79 -> 0 | F79: =B79-3*D79 -> 0 | G79: =D79/B79*100 -> #DIV/0! | H79: =D79/POWER($O$5, 0.5) -> 0 | I79: =H79*$P$5 -> 0 | J79: =I79/B79*100 -> #DIV/0! | K79: =ROUNDUP(POWER(G79*$P$5/$Q$5,2),0) -> #DIV/0! | L79: =B79 & " ± " & (ROUNDUP(I79, 3)) -> ± 0
D80: =POWER(C80/($O$5-1),0.5) -> 0 | E80: =B80+3*D80 -> 0 | F80: =B80-3*D80 -> 0 | G80: =D80/B80*100 -> #DIV/0! | H80: =D80/POWER($O$5, 0.5) -> 0 | I80: =H80*$P$5 -> 0 | J80: =I80/B80*100 -> #DIV/0! | K80: =ROUNDUP(POWER(G80*$P$5/$Q$5,2),0) -> #DIV/0! | L80: =B80 & " ± " & (ROUNDUP(I80, 3)) -> ± 0
A81: Спец. 1 | B81: 9.75e-06 | C81: 8e-08 | D81: =POWER(C81/($O$5-1),0.5) -> 5.2522573e-05 | E81: =B81+3*D81 -> 0.00016731772 | F81: =B81-3*D81 -> -0.00014781772 | G81: =D81/B81*100 -> 538.69306 | H81: =D81/POWER($O$5, 0.5) -> 9.589266e-06 | I81: =H81*$P$5 -> 1.9178532e-05 | J81: =I81/B81*100 -> 196.70289 | K81: =ROUNDUP(POWER(G81*$P$5/$Q$5,2),0) -> 46431 | L81: =B81 & " ± " & (ROUNDUP(I81, 3)) -> 0,00000975 ± 0,001
A82: Спец. 2 | B82: 0 | C82: 0 | D82: =POWER(C82/($O$5-1),0.5) -> 0 | E82: =B82+3*D82 -> 0 | F82: =B82-3*D82 -> 0 | G82: =D82/B82*100 -> #DIV/0! | H82: =D82/POWER($O$5, 0.5) -> 0 | I82: =H82*$P$5 -> 0 | J82: =I82/B82*100 -> #DIV/0! | K82: =ROUNDUP(POWER(G82*$P$5/$Q$5,2),0) -> #DIV/0! | L82: =B82 & " ± " & (ROUNDUP(I82, 3)) -> 0 ± 0
A83: Спец. 3 | B83: 0.00138402 | C83: 8.036e-05 | D83: =POWER(C83/($O$5-1),0.5) -> 0.0016646424 | E83: =B83+3*D83 -> 0.0063779473 | F83: =B83-3*D83 -> -0.0036099073 | G83: =D83/B83*100 -> 120.2759 | H83: =D83/POWER($O$5, 0.5) -> 0.00030392074 | I83: =H83*$P$5 -> 0.00060784148 | J83: =I83/B83*100 -> 43.918547 | K83: =ROUNDUP(POWER(G83*$P$5/$Q$5,2),0) -> 2315 | L83: =B83 & " ± " & (ROUNDUP(I83, 3)) -> 0,00138402 ± 0,001
A84: Спец. 4 | B84: 0.00148148 | C84: 0.00010703 | D84: =POWER(C84/($O$5-1),0.5) -> 0.0019211168 | E84: =B84+3*D84 -> 0.0072448303 | F84: =B84-3*D84 -> -0.0042818703 | G84: =D84/B84*100 -> 129.67551 | H84: =D84/POWER($O$5, 0.5) -> 0.00035074633 | I84: =H84*$P$5 -> 0.00070149266 | J84: =I84/B84*100 -> 47.350802 | K84: =ROUNDUP(POWER(G84*$P$5/$Q$5,2),0) -> 2691 | L84: =B84 & " ± " & (ROUNDUP(I84, 3)) -> 0,00148148 ± 0,001
A85: Спец. 5 | B85: 0.0004386 | C85: 1.141e-05 | D85: =POWER(C85/($O$5-1),0.5) -> 0.00062725455 | E85: =B85+3*D85 -> 0.0023203637 | F85: =B85-3*D85 -> -0.0014431637 | G85: =D85/B85*100 -> 143.01289 | H85: =D85/POWER($O$5, 0.5) -> 0.00011452049 | I85: =H85*$P$5 -> 0.00022904098 | J85: =I85/B85*100 -> 52.220925 | K85: =ROUNDUP(POWER(G85*$P$5/$Q$5,2),0) -> 3273 | L85: =B85 & " ± " & (ROUNDUP(I85, 3)) -> 0,0004386 ± 0,001
A86: Спец. 6 | B86: 0.0002924 | C86: 5.13e-06 | D86: =POWER(C86/($O$5-1),0.5) -> 0.00042059072 | E86: =B86+3*D86 -> 0.0015541722 | F86: =B86-3*D86 -> -0.00096937215 | G86: =D86/B86*100 -> 143.84087 | H86: =D86/POWER($O$5, 0.5) -> 7.6789008e-05 | I86: =H86*$P$5 -> 0.00015357802 | J86: =I86/B86*100 -> 52.523261 | K86: =ROUNDUP(POWER(G86*$P$5/$Q$5,2),0) -> 3311 | L86: =B86 & " ± " & (ROUNDUP(I86, 3)) -> 0,0002924 ± 0,001
A87: Спец. 7 | B87: 0.00138402 | C87: 5.009e-05 | D87: =POWER(C87/($O$5-1),0.5) -> 0.0013142456 | E87: =B87+3*D87 -> 0.0053267567 | F87: =B87-3*D87 -> -0.0025587167 | G87: =D87/B87*100 -> 94.958567 | H87: =D87/POWER($O$5, 0.5) -> 0.00023994731 | I87: =H87*$P$5 -> 0.00047989462 | J87: =I87/B87*100 -> 34.673966 | K87: =ROUNDUP(POWER(G87*$P$5/$Q$5,2),0) -> 1443 | L87: =B87 & " ± " & (ROUNDUP(I87, 3)) -> 0,00138402 ± 0,001
A88: Спец. 8 | B88: 0.00346004 | C88: 0.00030301 | D88: =POWER(C88/($O$5-1),0.5) -> 0.0032324326 | E88: =B88+3*D88 -> 0.013157338 | F88: =B88-3*D88 -> -0.0062372579 | G88: =D88/B88*100 -> 93.421828 | H88: =D88/POWER($O$5, 0.5) -> 0.00059015876 | I88: =H88*$P$5 -> 0.0011803175 | J88: =I88/B88*100 -> 34.112828 | K88: =ROUNDUP(POWER(G88*$P$5/$Q$5,2),0) -> 1397 | L88: =B88 & " ± " & (ROUNDUP(I88, 3)) -> 0,00346004 ± 0,002

Sheet l_23
A1: Серия экспериментов\статистика | B1: l_ср [1/м.е.] | C1: Σ((Δli)^2) [1/м.е.] | D1: σ [1/м.е.] | E1: l_ср+3*σ [1/м.е.] | F1: l_ср-3*σ [1/м.е.] | G1: kв [%] | H1: σ0 [1/м.е.] | I1: Δl [1/м.е.] | J1: δl [%] | K1: N_мин | L1: l_ист [1/м.е.]
A3: 1 | B3: 0 | C3: 0 | D3: =POWER(C3/($O$5-1),0.5) -> 0 | E3: =B3+3*D3 -> 0 | F3: =B3-3*D3 -> 0 | G3: =D3/B3*100 -> #DIV/0! | H3: =D3/POWER($O$5, 0.5) -> 0 | I3: =H3*$P$5 -> 0 | J3: =I3/B3*100 -> #DIV/0! | K3: =ROUNDUP(POWER(G3*$P$5/$Q$5,2),0) -> #DIV/0! | L3: =B3 & " ± " & (ROUNDUP(I3, 3)) -> 0 ± 0
A4: =A3+1 -> 2 | B4: 0 | C4: 0 | D4: =POWER(C4/($O$5-1),0.5) -> 0 | E4: =B4+3*D4 -> 0 | F4: =B4-3*D4 -> 0 | G4: =D4/B4*100 -> #DIV/0! | H4: =D4/POWER($O$5, 0.5) -> 0 | I4: =H4*$P$5 -> 0 | J4: =I4/B4*100 -> #DIV/0! | K4: =ROUNDUP(POWER(G4*$P$5/$Q$5,2),0) -> #DIV/0! | L4: =B4 & " ± " & (ROUNDUP(I4, 3)) -> 0 ± 0 | N4: p | O4: N | P4: t_pN | Q4: Δ [%]
A5: =A4+1 -> 3 | D5: =POWER(C5/($O$5-1),0.5) -> 0 | E5: =B5+3*D5 -> 0 | F5: =B5-3*D5 -> 0 | G5: =D5/B5*100 -> #DIV/0! | H5: =D5/POWER($O$5, 0.5) -> 0 | I5: =H5*$P$5 -> 0 | J5: =I5/B5*100 -> #DIV/0! | K5: =ROUNDUP(POWER(G5*$P$5/$Q$5,2),0) -> #DIV/0! | L5: =B5 & " ± " & (ROUNDUP(I5, 3)) -> ± 0 | N5: 0.95 | O5: 30 | P5: 2 | Q5: 5
A6: =A5+1 -> 4 | D6: =POWER(C6/($O$5-1),0.5) -> 0 | E6: =B6+3*D6 -> 0 | F6: =B6-3*D6 -> 0 | G6: =D6/B6*100 -> #DIV/0! | H6: =D6/POWER($O$5, 0.5) -> 0 | I6: =H6*$P$5 -> 0 | J6: =I6/B6*100 -> #DIV/0! | K6: =ROUNDUP(POWER(G6*$P$5/$Q$5,2),0) -> #DIV/0! | L6: =B6 & " ± " & (ROUNDUP(I6, 3)) -> ± 0
A7: =A6+1 -> 5 | D7: =POWER(C7/($O$5-1),0.5) -> 0 | E7: =B7+3*D7 -> 0 | F7: =B7-3*D7 -> 0 | G7: =D7/B7*100 -> #DIV/0! | H7: =D7/POWER($O$5, 0.5) -> 0 | I7: =H7*$P$5 -> 0 | J7: =I7/B7*100 -> #DIV/0! | K7: =ROUNDUP(POWER(G7*$P$5/$Q$5,2),0) -> #DIV/0! | L7: =B7 & " ± " & (ROUNDUP(I7, 3)) -> ± 0
A8: =A7+1 -> 6 | B8: 0 | C8: 0 | D8: =POWER(C8/($O$5-1),0.5) -> 0 | E8: =B8+3*D8 -> 0 | F8: =B8-3*D8 -> 0 | G8: =D8/B8*100 -> #DIV/0! | H8: =D8/POWER($O$5, 0.5) -> 0 | I8: =H8*$P$5 -> 0 | J8: =I8/B8*100 -> #DIV/0! | K8: =ROUNDUP(POWER(G8*$P$5/$Q$5,2),0) -> #DIV/0! | L8: =B8 & " ± " & (ROUNDUP(I8, 3)) -> 0 ± 0
A9: =A8+1 -> 7 | D9: =POWER(C9/($O$5-1),0.5) -> 0 | E9: =B9+3*D9 -> 0 | F9: =B9-3*D9 -> 0 | G9: =D9/B9*100 -> #DIV/0! | H9: =D9/POWER($O$5, 0.5) -> 0 | I9: =H9*$P$5 -> 0 | J9: =I9/B9*100 -> #DIV/0! | K9: =ROUNDUP(POWER(G9*$P$5/$Q$5,2),0) -> #DIV/0! | L9: =B9 & " ± " & (ROUNDUP(I9, 3)) -> ± 0
A10: =A9+1 -> 8 | D10: =POWER(C10/($O$5-1),0.5) -> 0 | E10: =B10+3*D10 -> 0 | F10: =B10-3*D10 -> 0 | G10: =D10/B10*100 -> #DIV/0! | H10: =D10/POWER($O$5, 0.5) -> 0 | I10: =H10*$P$5 -> 0 | J10: =I10/B10*100 -> #DIV/0! | K10: =ROUNDUP(POWER(G10*$P$5/$Q$5,2),0) -> #DIV/0! | L10: =B10 & " ± " & (ROUNDUP(I10, 3)) -> ± 0
A11: =A10+1 -> 9 | D11: =POWER(C11/($O$5-1),0.5) -> 0 | E11: =B11+3*D11 -> 0 | F11: =B11-3*D11 -> 0 | G11: =D11/B11*100 -> #DIV/0! | H11: =D11/POWER($O$5, 0.5) -> 0 | I11: =H11*$P$5 -> 0 | J11: =I11/B11*100 -> #DIV/0! | K11: =ROUNDUP(POWER(G11*$P$5/$Q$5,2),0) -> #DIV/0! | L11: =B11 & " ± " & (ROUNDUP(I11, 3)) -> ± 0
A12: =A11+1 -> 10 | D12: =POWER(C12/($O$5-1),0.5) -> 0 | E12: =B12+3*D12 -> 0 | F12: =B12-3*D12 -> 0 | G12: =D12/B12*100 -> #DIV/0! | H12: =D12/POWER($O$5, 0.5) -> 0 | I12: =H12*$P$5 -> 0 | J12: =I12/B12*100 -> #DIV/0! | K12: =ROUNDUP(POWER(G12*$P$5/$Q$5,2),0) -> #DIV/0! | L12: =B12 & " ± " & (ROUNDUP(I12, 3)) -> ± 0
A13: =A12+1 -> 11 | B13: 0 | C13: 0 | D13: =POWER(C13/($O$5-1),0.5) -> 0 | E13: =B13+3*D13 -> 0 | F13: =B13-3*D13 -> 0 | G13: =D13/B13*100 -> #DIV/0! | H13: =D13/POWER($O$5, 0.5) -> 0 | I13: =H13*$P$5 -> 0 | J13: =I13/B13*100 -> #DIV/0! | K13: =ROUNDUP(POWER(G13*$P$5/$Q$5,2),0) -> #DIV/0! | L13: =B13 & " ± " & (ROUNDUP(I13, 3)) -> 0 ± 0
A14: =A13+1 -> 12 | D14: =POWER(C14/($O$5-1),0.5) -> 0 | E14: =B14+3*D14 -> 0 | F14: =B14-3*D14 -> 0 | G14: =D14/B14*100 -> #DIV/0! | H14: =D14/POWER($O$5, 0.5) -> 0 | I14: =H14*$P$5 -> 0 | J14: =I14/B14*100 -> #DIV/0! | K14: =ROUNDUP(POWER(G14*$P$5/$Q$5,2),0) -> #DIV/0! | L14: =B14 & " ± " & (ROUNDUP(I14, 3)) -> ± 0
A15: =A14+1 -> 13 | D15: =POWER(C15/($O$5-1),0.5) -> 0 | E15: =B15+3*D15 -> 0 | F15: =B15-3*D15 -> 0 | G15: =D15/B15*100 -> #DIV/0! | H15: =D15/POWER($O$5, 0.5) -> 0 | I15: =H15*$P$5 -> 0 | J15: =I15/B15*100 -> #DIV/0! | K15: =ROUNDUP(POWER(G15*$P$5/$Q$5,2),0) -> #DIV/0! | L15: =B15 & " ± " & (ROUNDUP(I15, 3)) -> ± 0
A16: =A15+1 -> 14 | D16: =POWER(C16/($O$5-1),0.5) -> 0 | E16: =B16+3*D16 -> 0 | F16: =B16-3*D16 -> 0 | G16: =D16/B16*100 -> #DIV/0! | H16: =D16/POWER($O$5, 0.5) -> 0 | I16: =H16*$P$5 -> 0 | J16: =I16/B16*100 -> #DIV/0! | K16: =ROUNDUP(POWER(G16*$P$5/$Q$5,2),0) -> #DIV/0! | L16: =B16 & " ± " & (ROUNDUP(I16, 3)) -> ± 0
A17: =A16+1 -> 15 | D17: =POWER(C17/($O$5-1),0.5) -> 0 | E17: =B17+3*D17 -> 0 | F17: =B17-3*D17 -> 0 | G17: =D17/B17*100 -> #DIV/0! | H17: =D17/POWER($O$5, 0.5) -> 0 | I17: =H17*$P$5 -> 0 | J17: =I17/B17*100 -> #DIV/0! | K17: =ROUNDUP(POWER(G17*$P$5/$Q$5,2),0) -> #DIV/0! | L17: =B17 & " ± " & (ROUNDUP(I17, 3)) -> ± 0
A18: =A17+1 -> 16 | B18: 2.924e-05 | C18: 2.3e-07 | D18: =POWER(C18/($O$5-1),0.5) -> 8.9056356e-05 | E18: =B18+3*D18 -> 0.00029640907 | F18: =B18-3*D18 -> -0.00023792907 | G18: =D18/B18*100 -> 304.5703 | H18: =D18/POWER($O$5, 0.5) -> 1.6259392e-05 | I18: =H18*$P$5 -> 3.2518783e-05 | J18: =I18/B18*100 -> 111.21335 | K18: =ROUNDUP(POWER(G18*$P$5/$Q$5,2),0) -> 14843 | L18: =B18 & " ± " & (ROUNDUP(I18, 3)) -> 0,00002924 ± 0,001
A19: =A18+1 -> 17 | D19: =POWER(C19/($O$5-1),0.5) -> 0 | E19: =B19+3*D19 -> 0 | F19: =B19-3*D19 -> 0 | G19: =D19/B19*100 -> #DIV/0! | H19: =D19/POWER($O$5, 0.5) -> 0 | I19: =H19*$P$5 -> 0 | J19: =I19/B19*100 -> #DIV/0! | K19: =ROUNDUP(POWER(G19*$P$5/$Q$5,2),0) -> #DIV/0! | L19: =B19 & " ± " & (ROUNDUP(I19, 3)) -> ± 0
A20: =A19+1 -> 18 | D20: =POWER(C20/($O$5-1),0.5) -> 0 | E20: =B20+3*D20 -> 0 | F20: =B20-3*D20 -> 0 | G20: =D20/B20*100 -> #DIV/0! | H20: =D20/POWER($O$5, 0.5) -> 0 | I20: =H20*$P$5 -> 0 | J20: =I20/B20*100 -> #DIV/0! | K20: =ROUNDUP(POWER(G20*$P$5/$Q$5,2),0) -> #DIV/0! | L20: =B20 & " ± " & (ROUNDUP(I20, 3)) -> ± 0
A21: =A20+1 -> 19 | D21: =POWER(C21/($O$5-1),0.5) -> 0 | E21: =B21+3*D21 -> 0 | F21: =B21-3*D21 -> 0 | G21: =D21/B21*100 -> #DIV/0! | H21: =D21/POWER($O$5, 0.5) -> 0 | I21: =H21*$P$5 -> 0 | J21: =I21/B21*100 -> #DIV/0! | K21: =ROUNDUP(POWER(G21*$P$5/$Q$5,2),0) -> #DIV/0! | L21: =B21 & " ± " & (ROUNDUP(I21, 3)) -> ± 0
A22: =A21+1 -> 20 | D22: =POWER(C22/($O$5-1),0.5) -> 0 | E22: =B22+3*D22 -> 0 | F22: =B22-3*D22 -> 0 | G22: =D22/B22*100 -> #DIV/0! | H22: =D22/POWER($O$5, 0.5) -> 0 | I22: =H22*$P$5 -> 0 | J22: =I22/B22*100 -> #DIV/0! | K22: =ROUNDUP(POWER(G22*$P$5/$Q$5,2),0) -> #DIV/0! | L22: =B22 & " ± " & (ROUNDUP(I22, 3)) -> ± 0
A23: =A22+1 -> 21 | B23: 0 | C23: 0 | D23: =POWER(C23/($O$5-1),0.5) -> 0 | E23: =B23+3*D23 -> 0 | F23: =B23-3*D23 -> 0 | G23: =D23/B23*100 -> #DIV/0! | H23: =D23/POWER($O$5, 0.5) -> 0 | I23: =H23*$P$5 -> 0 | J23: =I23/B23*100 -> #DIV/0! | K23: =ROUNDUP(POWER(G23*$P$5/$Q$5,2),0) -> #DIV/0! | L23: =B23 & " ± " & (ROUNDUP(I23, 3)) -> 0 ± 0
A24: =A23+1 -> 22 | D24: =POWER(C24/($O$5-1),0.5) -> 0 | E24: =B24+3*D24 -> 0 | F24: =B24-3*D24 -> 0 | G24: =D24/B24*100 -> #DIV/0! | H24: =D24/POWER($O$5, 0.5) -> 0 | I24: =H24*$P$5 -> 0 | J24: =I24/B24*100 -> #DIV/0! | K24: =ROUNDUP(POWER(G24*$P$5/$Q$5,2),0) -> #DIV/0! | L24: =B24 & " ± " & (ROUNDUP(I24, 3)) -> ± 0
A25: =A24+1 -> 23 | D25: =POWER(C25/($O$5-1),0.5) -> 0 | E25: =B25+3*D25 -> 0 | F25: =B25-3*D25 -> 0 | G25: =D25/B25*100 -> #DIV/0! | H25: =D25/POWER($O$5, 0.5) -> 0 | I25: =H25*$P$5 -> 0 | J25: =I25/B25*100 -> #DIV/0! | K25: =ROUNDUP(POWER(G25*$P$5/$Q$5,2),0) -> #DIV/0! | L25: =B25 & " ± " & (ROUNDUP(I25, 3)) -> ± 0
A26: =A25+1 -> 24 | D26: =POWER(C26/($O$5-1),0.5) -> 0 | E26: =B26+3*D26 -> 0 | F26: =B26-3*D26 -> 0 | G26: =D26/B26*100 -> #DIV/0! | H26: =D26/POWER($O$5, 0.5) -> 0 | I26: =H26*$P$5 -> 0 | J26: =I26/B26*100 -> #DIV/0! | K26: =ROUNDUP(POWER(G26*$P$5/$Q$5,2),0) -> #DIV/0! | L26: =B26 & " ± " & (ROUNDUP(I26, 3)) -> ± 0
A27: =A26+1 -> 25 | D27: =POWER(C27/($O$5-1),0.5) -> 0 | E27: =B27+3*D27 -> 0 | F27: =B27-3*D27 -> 0 | G27: =D27/B27*100 -> #DIV/0! | H27: =D27/POWER($O$5, 0.5) -> 0 | I27: =H27*$P$5 -> 0 | J27: =I27/B27*100 -> #DIV/0! | K27: =ROUNDUP(POWER(G27*$P$5/$Q$5,2),0) -> #DIV/0! | L27: =B27 & " ± " & (ROUNDUP(I27, 3)) -> ± 0
A28: =A27+1 -> 26 | B28: 0.00030214 | C28: 3.67e-06 | D28: =POWER(C28/($O$5-1),0.5) -> 0.00035574109 | E28: =B28+3*D28 -> 0.0013693633 | F28: =B28-3*D28 -> -0.00076508327 | G28: =D28/B28*100 -> 117.74048 | H28: =D28/POWER($O$5, 0.5) -> 6.494914e-05 | I28: =H28*$P$5 -> 0.00012989828 | J28: =I28/B28*100 -> 42.992745 | K28: =ROUNDUP(POWER(G28*$P$5/$Q$5,2),0) -> 2219 | L28: =B28 & " ± " & (ROUNDUP(I28, 3)) -> 0,00030214 ± 0,001
A29: =A28+1 -> 27 | D29: =POWER(C29/($O$5-1),0.5) -> 0 | E29: =B29+3*D29 -> 0 | F29: =B29-3*D29 -> 0 | G29: =D29/B29*100 -> #DIV/0! | H29: =D29/POWER($O$5, 0.5) -> 0 | I29: =H29*$P$5 -> 0 | J29: =I29/B29*100 -> #DIV/0! | K29: =ROUNDUP(POWER(G29*$P$5/$Q$5,2),0) -> #DIV/0! | L29: =B29 & " ± " & (ROUNDUP(I29, 3)) -> ± 0
A30: =A29+1 -> 28 | D30: =POWER(C30/($O$5-1),0.5) -> 0 | E30: =B30+3*D30 -> 0 | F30: =B30-3*D30 -> 0 | G30: =D30/B30*100 -> #DIV/0! | H30: =D30/POWER($O$5, 0.5) -> 0 | I30: =H30*$P$5 -> 0 | J30: =I30/B30*100 -> #DIV/0! | K30: =ROUNDUP(POWER(G30*$P$5/$Q$5,2),0) -> #DIV/0! | L30: =B30 & " ± " & (ROUNDUP(I30, 3)) -> ± 0
A31: =A30+1 -> 29 | D31: =POWER(C31/($O$5-1),0.5) -> 0 | E31: =B31+3*D31 -> 0 | F31: =B31-3*D31 -> 0 | G31: =D31/B31*100 -> #DIV/0! | H31: =D31/POWER($O$5, 0.5) -> 0 | I31: =H31*$P$5 -> 0 | J31: =I31/B31*100 -> #DIV/0! | K31: =ROUNDUP(POWER(G31*$P$5/$Q$5,2),0) -> #DIV/0! | L31: =B31 & " ± " & (ROUNDUP(I31, 3)) -> ± 0
A32: =A31+1 -> 30 | D32: =POWER(C32/($O$5-1),0.5) -> 0 | E32: =B32+3*D32 -> 0 | F32: =B32-3*D32 -> 0 | G32: =D32/B32*100 -> #DIV/0! | H32: =D32/POWER($O$5, 0.5) -> 0 | I32: =H32*$P$5 -> 0 | J32: =I32/B32*100 -> #DIV/0! | K32: =ROUNDUP(POWER(G32*$P$5/$Q$5,2),0) -> #DIV/0! | L32: =B32 & " ± " & (ROUNDUP(I32, 3)) -> ± 0
A33: =A32+1 -> 31 | B33: 0 | C33: 0 | D33: =POWER(C33/($O$5-1),0.5) -> 0 | E33: =B33+3*D33 -> 0 | F33: =B33-3*D33 -> 0 | G33: =D33/B33*100 -> #DIV/0! | H33: =D33/POWER($O$5, 0.5) -> 0 | I33: =H33*$P$5 -> 0 | J33: =I33/B33*100 -> #DIV/0! | K33: =ROUNDUP(POWER(G33*$P$5/$Q$5,2),0) -> #DIV/0! | L33: =B33 & " ± " & (ROUNDUP(I33, 3)) -> 0 ± 0
A34: =A33+1 -> 32 | D34: =POWER(C34/($O$5-1),0.5) -> 0 | E34: =B34+3*D34 -> 0 | F34: =B34-3*D34 -> 0 | G34: =D34/B34*100 -> #DIV/0! | H34: =D34/POWER($O$5, 0.5) -> 0 | I34: =H34*$P$5 -> 0 | J34: =I34/B34*100 -> #DIV/0! | K34: =ROUNDUP(POWER(G34*$P$5/$Q$5,2),0) -> #DIV/0! | L34: =B34 & " ± " & (ROUNDUP(I34, 3)) -> ± 0
A35: =A34+1 -> 33 | D35: =POWER(C35/($O$5-1),0.5) -> 0 | E35: =B35+3*D35 -> 0 | F35: =B35-3*D35 -> 0 | G35: =D35/B35*100 -> #DIV/0! | H35: =D35/POWER($O$5, 0.5) -> 0 | I35: =H35*$P$5 -> 0 | J35: =I35/B35*100 -> #DIV/0! | K35: =ROUNDUP(POWER(G35*$P$5/$Q$5,2),0) -> #DIV/0! | L35: =B35 & " ± " & (ROUNDUP(I35, 3)) -> ± 0
A36: =A35+1 -> 34 | D36: =POWER(C36/($O$5-1),0.5) -> 0 | E36: =B36+3*D36 -> 0 | F36: =B36-3*D36 -> 0 | G36: =D36/B36*100 -> #DIV/0! | H36: =D36/POWER($O$5, 0.5) -> 0 | I36: =H36*$P$5 -> 0 | J36: =I36/B36*100 -> #DIV/0! | K36: =ROUNDUP(POWER(G36*$P$5/$Q$5,2),0) -> #DIV/0! | L36: =B36 & " ± " & (ROUNDUP(I36, 3)) -> ± 0
A37: =A36+1 -> 35 | D37: =POWER(C37/($O$5-1),0.5) -> 0 | E37: =B37+3*D37 -> 0 | F37: =B37-3*D37 -> 0 | G37: =D37/B37*100 -> #DIV/0! | H37: =D37/POWER($O$5, 0.5) -> 0 | I37: =H37*$P$5 -> 0 | J37: =I37/B37*100 -> #DIV/0! | K37: =ROUNDUP(POWER(G37*$P$5/$Q$5,2),0) -> #DIV/0! | L37: =B37 & " ± " & (ROUNDUP(I37, 3)) -> ± 0
A38: =A37+1 -> 36 | B38: 2.924e-05 | C38: 2.3e-07 | D38: =POWER(C38/($O$5-1),0.5) -> 8.9056356e-05 | E38: =B38+3*D38 -> 0.00029640907 | F38: =B38-3*D38 -> -0.00023792907 | G38: =D38/B38*100 -> 304.5703 | H38: =D38/POWER($O$5, 0.5) -> 1.6259392e-05 | I38: =H38*$P$5 -> 3.2518783e-05 | J38: =I38/B38*100 -> 111.21335 | K38: =ROUNDUP(POWER(G38*$P$5/$Q$5,2),0) -> 14843 | L38: =B38 & " ± " & (ROUNDUP(I38, 3)) -> 0,00002924 ± 0,001
A39: =A38+1 -> 37 | D39: =POWER(C39/($O$5-1),0.5) -> 0 | E39: =B39+3*D39 -> 0 | F39: =B39-3*D39 -> 0 | G39: =D39/B39*100 -> #DIV/0! | H39: =D39/POWER($O$5, 0.5) -> 0 | I39: =H39*$P$5 -> 0 | J39: =I39/B39*100 -> #DIV/0! | K39: =ROUNDUP(POWER(G39*$P$5/$Q$5,2),0) -> #DIV/0! | L39: =B39 & " ± " & (ROUNDUP(I39, 3)) -> ± 0
A40: =A39+1 -> 38 | D40: =POWER(C40/($O$5-1),0.5) -> 0 | E40: =B40+3*D40 -> 0 | F40: =B40-3*D40 -> 0 | G40: =D40/B40*100 -> #DIV/0! | H40: =D40/POWER($O$5, 0.5) -> 0 | I40: =H40*$P$5 -> 0 | J40: =I40/B40*100 -> #DIV/0! | K40: =ROUNDUP(POWER(G40*$P$5/$Q$5,2),0) -> #DIV/0! | L40: =B40 & " ± " & (ROUNDUP(I40, 3)) -> ± 0
A41: =A40+1 -> 39 | D41: =POWER(C41/($O$5-1),0.5) -> 0 | E41: =B41+3*D41 -> 0 | F41: =B41-3*D41 -> 0 | G41: =D41/B41*100 -> #DIV/0! | H41: =D41/POWER($O$5, 0.5) -> 0 | I41: =H41*$P$5 -> 0 | J41: =I41/B41*100 -> #DIV/0! | K41: =ROUNDUP(POWER(G41*$P$5/$Q$5,2),0) -> #DIV/0! | L41: =B41 & " ± " & (ROUNDUP(I41, 3)) -> ± 0
A42: =A41+1 -> 40 | D42: =POWER(C42/($O$5-1),0.5) -> 0 | E42: =B42+3*D42 -> 0 | F42: =B42-3*D42 -> 0 | G42: =D42/B42*100 -> #DIV/0! | H42: =D42/POWER($O$5, 0.5) -> 0 | I42: =H42*$P$5 -> 0 | J42: =I42/B42*100 -> #DIV/0! | K42: =ROUNDUP(POWER(G42*$P$5/$Q$5,2),0) -> #DIV/0! | L42: =B42 & " ± " & (ROUNDUP(I42, 3)) -> ± 0
A43: =A42+1 -> 41 | B43: 0 | C43: 0 | D43: =POWER(C43/($O$5-1),0.5) -> 0 | E43: =B43+3*D43 -> 0 | F43: =B43-3*D43 -> 0 | G43: =D43/B43*100 -> #DIV/0! | H43: =D43/POWER($O$5, 0.5) -> 0 | I43: =H43*$P$5 -> 0 | J43: =I43/B43*100 -> #DIV/0! | K43: =ROUNDUP(POWER(G43*$P$5/$Q$5,2),0) -> #DIV/0! | L43: =B43 & " ± " & (ROUNDUP(I43, 3)) -> 0 ± 0
A44: =A43+1 -> 42 | D44: =POWER(C44/($O$5-1),0.5) -> 0 | E44: =B44+3*D44 -> 0 | F44: =B44-3*D44 -> 0 | G44: =D44/B44*100 -> #DIV/0! | H44: =D44/POWER($O$5, 0.5) -> 0 | I44: =H44*$P$5 -> 0 | J44: =I44/B44*100 -> #DIV/0! | K44: =ROUNDUP(POWER(G44*$P$5/$Q$5,2),0) -> #DIV/0! | L44: =B44 & " ± " & (ROUNDUP(I44, 3)) -> ± 0
A45: =A44+1 -> 43 | D45: =POWER(C45/($O$5-1),0.5) -> 0 | E45: =B45+3*D45 -> 0 | F45: =B45-3*D45 -> 0 | G45: =D45/B45*100 -> #DIV/0! | H45: =D45/POWER($O$5, 0.5) -> 0 | I45: =H45*$P$5 -> 0 | J45: =I45/B45*100 -> #DIV/0! | K45: =ROUNDUP(POWER(G45*$P$5/$Q$5,2),0) -> #DIV/0! | L45: =B45 & " ± " & (ROUNDUP(I45, 3)) -> ± 0
A46: =A45+1 -> 44 | D46: =POWER(C46/($O$5-1),0.5) -> 0 | E46: =B46+3*D46 -> 0 | F46: =B46-3*D46 -> 0 | G46: =D46/B46*100 -> #DIV/0! | H46: =D46/POWER($O$5, 0.5) -> 0 | I46: =H46*$P$5 -> 0 | J46: =I46/B46*100 -> #DIV/0! | K46: =ROUNDUP(POWER(G46*$P$5/$Q$5,2),0) -> #DIV/0! | L46: =B46 & " ± " & (ROUNDUP(I46, 3)) -> ± 0
A47: =A46+1 -> 45 | D47: =POWER(C47/($O$5-1),0.5) -> 0 | E47: =B47+3*D47 -> 0 | F47: =B47-3*D47 -> 0 | G47: =D47/B47*100 -> #DIV/0! | H47: =D47/POWER($O$5, 0.5) -> 0 | I47: =H47*$P$5 -> 0 | J47: =I47/B47*100 -> #DIV/0! | K47: =ROUNDUP(POWER(G47*$P$5/$Q$5,2),0) -> #DIV/0! | L47: =B47 & " ± " & (ROUNDUP(I47, 3)) -> ± 0
A48: =A47+1 -> 46 | B48: 1.949e-05 | C48: 1.6e-07 | D48: =POWER(C48/($O$5-1),0.5) -> 7.4278135e-05 | E48: =B48+3*D48 -> 0.00024232441 | F48: =B48-3*D48 -> -0.00020334441 | G48: =D48/B48*100 -> 381.10895 | H48: =D48/POWER($O$5, 0.5) -> 1.356127e-05 | I48: =H48*$P$5 -> 2.712254e-05 | J48: =I48/B48*100 -> 139.16131 | K48: =ROUNDUP(POWER(G48*$P$5/$Q$5,2),0) -> 23240 | L48: =B48 & " ± " & (ROUNDUP(I48, 3)) -> 0,00001949 ± 0,001
A49: =A48+1 -> 47 | D49: =POWER(C49/($O$5-1),0.5) -> 0 | E49: =B49+3*D49 -> 0 | F49: =B49-3*D49 -> 0 | G49: =D49/B49*100 -> #DIV/0! | H49: =D49/POWER($O$5, 0.5) -> 0 | I49: =H49*$P$5 -> 0 | J49: =I49/B49*100 -> #DIV/0! | K49: =ROUNDUP(POWER(G49*$P$5/$Q$5,2),0) -> #DIV/0! | L49: =B49 & " ± " & (ROUNDUP(I49, 3)) -> ± 0
A50: =A49+1 -> 48 | D50: =POWER(C50/($O$5-1),0.5) -> 0 | E50: =B50+3*D50 -> 0 | F50: =B50-3*D50 -> 0 | G50: =D50/B50*100 -> #DIV/0! | H50: =D50/POWER($O$5, 0.5) -> 0 | I50: =H50*$P$5 -> 0 | J50: =I50/B50*100 -> #DIV/0! | K50: =ROUNDUP(POWER(G50*$P$5/$Q$5,2),0) -> #DIV/0! | L50: =B50 & " ± " & (ROUNDUP(I50, 3)) -> ± 0
A51: =A50+1 -> 49 | D51: =POWER(C51/($O$5-1),0.5) -> 0 | E51: =B51+3*D51 -> 0 | F51: =B51-3*D51 -> 0 | G51: =D51/B51*100 -> #DIV/0! | H51: =D51/POWER($O$5, 0.5) -> 0 | I51: =H51*$P$5 -> 0 | J51: =I51/B51*100 -> #DIV/0! | K51: =ROUNDUP(POWER(G51*$P$5/$Q$5,2),0) -> #DIV/0! | L51: =B51 & " ± " & (ROUNDUP(I51, 3)) -> ± 0
A52: =A51+1 -> 50 | D52: =POWER(C52/($O$5-1),0.5) -> 0 | E52: =B52+3*D52 -> 0 | F52: =B52-3*D52 -> 0 | G52: =D52/B52*100 -> #DIV/0! | H52: =D52/POWER($O$5, 0.5) -> 0 | I52: =H52*$P$5 -> 0 | J52: =I52/B52*100 -> #DIV/0! | K52: =ROUNDUP(POWER(G52*$P$5/$Q$5,2),0) -> #DIV/0! | L52: =B52 & " ± " & (ROUNDUP(I52, 3)) -> ± 0
A53: =A52+1 -> 51 | B53: 2.924e-05 | C53: 2.3e-07 | D53: =POWER(C53/($O$5-1),0.5) -> 8.9056356e-05 | E53: =B53+3*D53 -> 0.00029640907 | F53: =B53-3*D53 -> -0.00023792907 | G53: =D53/B53*100 -> 304.5703 | H53: =D53/POWER($O$5, 0.5) -> 1.6259392e-05 | I53: =H53*$P$5 -> 3.2518783e-05 | J53: =I53/B53*100 -> 111.21335 | K53: =ROUNDUP(POWER(G53*$P$5/$Q$5,2),0) -> 14843 | L53: =B53 & " ± " & (ROUNDUP(I53, 3)) -> 0,00002924 ± 0,001
A54: =A53+1 -> 52 | B54: 6.823e-05 | C54: 4.6e-07 | D54: =POWER(C54/($O$5-1),0.5) -> 0.00012594471 | E54: =B54+3*D54 -> 0.00044606412 | F54: =B54-3*D54 -> -0.00030960412 | G54: =D54/B54*100 -> 184.58846 | H54: =D54/POWER($O$5, 0.5) -> 2.2994252e-05 | I54: =H54*$P$5 -> 4.5988504e-05 | J54: =I54/B54*100 -> 67.402175 | K54: =ROUNDUP(POWER(G54*$P$5/$Q$5,2),0) -> 5452 | L54: =B54 & " ± " & (ROUNDUP(I54, 3)) -> 0,00006823 ± 0,001
A55: =A54+1 -> 53 | D55: =POWER(C55/($O$5-1),0.5) -> 0 | E55: =B55+3*D55 -> 0 | F55: =B55-3*D55 -> 0 | G55: =D55/B55*100 -> #DIV/0! | H55: =D55/POWER($O$5, 0.5) -> 0 | I55: =H55*$P$5 -> 0 | J55: =I55/B55*100 -> #DIV/0! | K55: =ROUNDUP(POWER(G55*$P$5/$Q$5,2),0) -> #DIV/0! | L55: =B55 & " ± " & (ROUNDUP(I55, 3)) -> ± 0
A56: =A55+1 -> 54 | D56: =POWER(C56/($O$5-1),0.5) -> 0 | E56: =B56+3*D56 -> 0 | F56: =B56-3*D56 -> 0 | G56: =D56/B56*100 -> #DIV/0! | H56: =D56/POWER($O$5, 0.5) -> 0 | I56: =H56*$P$5 -> 0 | J56: =I56/B56*100 -> #DIV/0! | K56: =ROUNDUP(POWER(G56*$P$5/$Q$5,2),0) -> #DIV/0! | L56: =B56 & " ± " & (ROUNDUP(I56, 3)) -> ± 0
A57: =A56+1 -> 55 | D57: =POWER(C57/($O$5-1),0.5) -> 0 | E57: =B57+3*D57 -> 0 | F57: =B57-3*D57 -> 0 | G57: =D57/B57*100 -> #DIV/0! | H57: =D57/POWER($O$5, 0.5) -> 0 | I57: =H57*$P$5 -> 0 | J57: =I57/B57*100 -> #DIV/0! | K57: =ROUNDUP(POWER(G57*$P$5/$Q$5,2),0) -> #DIV/0! | L57: =B57 & " ± " & (ROUNDUP(I57, 3)) -> ± 0
A58: =A57+1 -> 56 | B58: 2.924e-05 | C58: 2.3e-07 | D58: =POWER(C58/($O$5-1),0.5) -> 8.9056356e-05 | E58: =B58+3*D58 -> 0.00029640907 | F58: =B58-3*D58 -> -0.00023792907 | G58: =D58/B58*100 -> 304.5703 | H58: =D58/POWER($O$5, 0.5) -> 1.6259392e-05 | I58: =H58*$P$5 -> 3.2518783e-05 | J58: =I58/B58*100 -> 111.21335 | K58: =ROUNDUP(POWER(G58*$P$5/$Q$5,2),0) -> 14843 | L58: =B58 & " ± " & (ROUNDUP(I58, 3)) -> 0,00002924 ± 0,001
A59: =A58+1 -> 57 | B59: 1.949e-05 | C59: 1.6e-07 | D59: =POWER(C59/($O$5-1),0.5) -> 7.4278135e-05 | E59: =B59+3*D59 -> 0.00024232441 | F59: =B59-3*D59 -> -0.00020334441 | G59: =D59/B59*100 -> 381.10895 | H59: =D59/POWER($O$5, 0.5) -> 1.356127e-05 | I59: =H59*$P$5 -> 2.712254e-05 | J59: =I59/B59*100 -> 139.16131 | K59: =ROUNDUP(POWER(G59*$P$5/$Q$5,2),0) -> 23240 | L59: =B59 & " ± " & (ROUNDUP(I59, 3)) -> 0,00001949 ± 0,001
A60: =A59+1 -> 58 | D60: =POWER(C60/($O$5-1),0.5) -> 0 | E60: =B60+3*D60 -> 0 | F60: =B60-3*D60 -> 0 | G60: =D60/B60*100 -> #DIV/0! | H60: =D60/POWER($O$5, 0.5) -> 0 | I60: =H60*$P$5 -> 0 | J60: =I60/B60*100 -> #DIV/0! | K60: =ROUNDUP(POWER(G60*$P$5/$Q$5,2),0) -> #DIV/0! | L60: =B60 & " ± " & (ROUNDUP(I60, 3)) -> ± 0
A61: =A60+1 -> 59 | D61: =POWER(C61/($O$5-1),0.5) -> 0 | E61: =B61+3*D61 -> 0 | F61: =B61-3*D61 -> 0 | G61: =D61/B61*100 -> #DIV/0! | H61: =D61/POWER($O$5, 0.5) -> 0 | I61: =H61*$P$5 -> 0 | J61: =I61/B61*100 -> #DIV/0! | K61: =ROUNDUP(POWER(G61*$P$5/$Q$5,2),0) -> #DIV/0! | L61: =B61 & " ± " & (ROUNDUP(I61, 3)) -> ± 0
A62: =A61+1 -> 60 | D62: =POWER(C62/($O$5-1),0.5) -> 0 | E62: =B62+3*D62 -> 0 | F62: =B62-3*D62 -> 0 | G62: =D62/B62*100 -> #DIV/0! | H62: =D62/POWER($O$5, 0.5) -> 0 | I62: =H62*$P$5 -> 0 | J62: =I62/B62*100 -> #DIV/0! | K62: =ROUNDUP(POWER(G62*$P$5/$Q$5,2),0) -> #DIV/0! | L62: =B62 & " ± " & (ROUNDUP(I62, 3)) -> ± 0
A63: =A62+1 -> 61 | B63: 1.949e-05 | C63: 1.6e-07 | D63: =POWER(C63/($O$5-1),0.5) -> 7.4278135e-05 | E63: =B63+3*D63 -> 0.00024232441 | F63: =B63-3*D63 -> -0.00020334441 | G63: =D63/B63*100 -> 381.10895 | H63: =D63/POWER($O$5, 0.5) -> 1.356127e-05 | I63: =H63*$P$5 -> 2.712254e-05 | J63: =I63/B63*100 -> 139.16131 | K63: =ROUNDUP(POWER(G63*$P$5/$Q$5,2),0) -> 23240 | L63: =B63 & " ± " & (ROUNDUP(I63, 3)) -> 0,00001949 ± 0,001
A64: =A63+1 -> 62 | D64: =POWER(C64/($O$5-1),0.5) -> 0 | E64: =B64+3*D64 -> 0 | F64: =B64-3*D64 -> 0 | G64: =D64/B64*100 -> #DIV/0! | H64: =D64/POWER($O$5, 0.5) -> 0 | I64: =H64*$P$5 -> 0 | J64: =I64/B64*100 -> #DIV/0! | K64: =ROUNDUP(POWER(G64*$P$5/$Q$5,2),0) -> #DIV/0! | L64: =B64 & " ± " & (ROUNDUP(I64, 3)) -> ± 0
A65: =A64+1 -> 63 | D65: =POWER(C65/($O$5-1),0.5) -> 0 | E65: =B65+3*D65 -> 0 | F65: =B65-3*D65 -> 0 | G65: =D65/B65*100 -> #DIV/0! | H65: =D65/POWER($O$5, 0.5) -> 0 | I65: =H65*$P$5 -> 0 | J65: =I65/B65*100 -> #DIV/0! | K65: =ROUNDUP(POWER(G65*$P$5/$Q$5,2),0) -> #DIV/0! | L65: =B65 & " ± " & (ROUNDUP(I65, 3)) -> ± 0
A66: =A65+1 -> 64 | D66: =POWER(C66/($O$5-1),0.5) -> 0 | E66: =B66+3*D66 -> 0 | F66: =B66-3*D66 -> 0 | G66: =D66/B66*100 -> #DIV/0! | H66: =D66/POWER($O$5, 0.5) -> 0 | I66: =H66*$P$5 -> 0 | J66: =I66/B66*100 -> #DIV/0! | K66: =ROUNDUP(POWER(G66*$P$5/$Q$5,2),0) -> #DIV/0! | L66: =B66 & " ± " & (ROUNDUP(I66, 3)) -> ± 0
A67: =A66+1 -> 65 | D67: =POWER(C67/($O$5-1),0.5) -> 0 | E67: =B67+3*D67 -> 0 | F67: =B67-3*D67 -> 0 | G67: =D67/B67*100 -> #DIV/0! | H67: =D67/POWER($O$5, 0.5) -> 0 | I67: =H67*$P$5 -> 0 | J67: =I67/B67*100 -> #DIV/0! | K67: =ROUNDUP(POWER(G67*$P$5/$Q$5,2),0) -> #DIV/0! | L67: =B67 & " ± " & (ROUNDUP(I67, 3)) -> ± 0
A68: =A67+1 -> 66 | B68: 7.797e-05 | C68: 6.7e-07 | D68: =POWER(C68/($O$5-1),0.5) -> 0.00015199819 | E68: =B68+3*D68 -> 0.00053396456 | F68: =B68-3*D68 -> -0.00037802456 | G68: =D68/B68*100 -> 194.94445 | H68: =D68/POWER($O$5, 0.5) -> 2.7750945e-05 | I68: =H68*$P$5 -> 5.550189e-05 | J68: =I68/B68*100 -> 71.183647 | K68: =ROUNDUP(POWER(G68*$P$5/$Q$5,2),0) -> 6081 | L68: =B68 & " ± " & (ROUNDUP(I68, 3)) -> 0,00007797 ± 0,001
A69: =A68+1 -> 67 | D69: =POWER(C69/($O$5-1),0.5) -> 0 | E69: =B69+3*D69 -> 0 | F69: =B69-3*D69 -> 0 | G69: =D69/B69*100 -> #DIV/0! | H69: =D69/POWER($O$5, 0.5) -> 0 | I69: =H69*$P$5 -> 0 | J69: =I69/B69*100 -> #DIV/0! | K69: =ROUNDUP(POWER(G69*$P$5/$Q$5,2),0) -> #DIV/0! | L69: =B69 & " ± " & (ROUNDUP(I69, 3)) -> ± 0
A70: =A69+1 -> 68 | D70: =POWER(C70/($O$5-1),0.5) -> 0 | E70: =B70+3*D70 -> 0 | F70: =B70-3*D70 -> 0 | G70: =D70/B70*100 -> #DIV/0! | H70: =D70/POWER($O$5, 0.5) -> 0 | I70: =H70*$P$5 -> 0 | J70: =I70/B70*100 -> #DIV/0! | K70: =ROUNDUP(POWER(G70*$P$5/$Q$5,2),0) -> #DIV/0! | L70: =B70 & " ± " & (ROUNDUP(I70, 3)) -> ± 0
A71: =A70+1 -> 69 | D71: =POWER(C71/($O$5-1),0.5) -> 0 | E71: =B71+3*D71 -> 0 | F71: =B71-3*D71 -> 0 | G71: =D71/B71*100 -> #DIV/0! | H71: =D71/POWER($O$5, 0.5) -> 0 | I71: =H71*$P$5 -> 0 | J71: =I71/B71*100 -> #DIV/0! | K71: =ROUNDUP(POWER(G71*$P$5/$Q$5,2),0) -> #DIV/0! | L71: =B71 & " ± " & (ROUNDUP(I71, 3)) -> ± 0
